year,month,day,hour,min,sec,weight,length
2018,12,5,10,24,51,1634.2,97.2
2012,5,28,4,58,42,1574.4,96.0
2016,12,14,14,31,34,1499.8,94.5
2017,10,27,7,1,4,1354.7,91.4
2018,4,10,17,6,34,1221.3,88.3
2010,1,23,18,43,32,1083.4,84.9
2020,10,7,7,43,11,900.6,79.9
2016,5,10,17,14,56,823.0,77.6
2013,11,27,18,56,15,729.9,74.5
2015,2,26,18,2,6,642.7,71.4
2016,9,15,17,32,26,516.0,66.4
2010,5,16,9,19,4,414.9,61.8
2018,1,11,16,38,53,328.5,57.2
2019,10,17,5,55,40,258.5,52.9
2012,10,9,5,55,57,232.4,51.0
2015,6,13,14,37,34,232.9,51.0
2011,8,24,3,23,48,232.3,51.0
2016,5,6,23,16,10,237.2,51.4
2017,3,21,3,23,31,237.0,51.4
2018,7,21,12,4,28,260.2,52.9
2019,8,3,8,22,0,278.3,54.1
2016,6,13,2,50,53,296.3,55.3
2018,12,22,7,5,12,301.2,55.6
2020,4,27,18,11,34,308.5,56.0
2011,11,28,2,3,33,340.0,57.9
2020,8,3,3,0,0,420.2,62.2
2018,11,14,16,20,11,513.7,66.4
2011,9,18,16,19,20,580.4,69.1
2013,9,3,10,23,18,293.4,55.3
2017,12,1,22,47,47,214.3,49.9
2018,8,25,22,50,5,167.8,46.0
2020,10,21,15,31,8,96.8,38.3
2017,1,26,11,8,33,128.3,42.2
2017,9,6,15,7,10,148.7,44.1
2019,11,7,16,22,54,82.0,36.4
2017,5,6,3,54,56,60.4,32.6
2014,8,16,1,12,57,54.2,31.4
2013,2,22,15,23,12,47.1,30.3
2013,2,1,20,1,16,58.5,32.2
2018,4,7,8,0,7,86.8,36.8
2014,10,9,18,59,23,124.0,41.4
2016,8,21,2,57,43,167.0,45.6
2019,6,7,22,37,38,204.6,49.1
2020,8,23,18,4,31,79.9,36.0
2014,2,10,23,42,55,55.9,32.2
2019,2,9,15,16,19,40.2,29.1
2018,7,1,0,44,36,31.3,26.8
2014,6,22,1,13,39,27.1,25.3
2019,4,1,15,26,25,29.0,25.3
2015,12,6,16,43,2,29.4,25.6
2011,7,9,0,41,52,39.4,28.7
2020,9,12,3,16,18,52.8,31.4
2018,3,19,9,5,3,71.4,34.9
2013,7,2,1,41,23,93.2,37.6
2010,9,14,7,33,12,116.9,40.6
2020,4,27,20,57,24,128.6,42.2
2019,6,7,21,12,10,153.6,44.5
2017,2,9,11,9,7,167.5,46.0
2015,4,23,5,57,0,179.6,46.8
2014,9,23,2,19,40,193.2,47.9
2016,6,8,23,14,20,270.4,53.7
2011,6,9,6,58,20,390.0,60.6
2020,9,10,19,3,33,470.6,64.5
2012,9,14,5,15,59,591.6,69.5
2017,5,22,6,9,58,899.7,79.9
2016,1,26,4,21,13,1052.7,84.1
2010,2,25,7,57,20,1097.7,85.3
2013,8,4,1,45,15,1098.0,85.3
2013,12,11,4,33,40,1127.3,86.0
2018,8,22,15,39,44,1127.1,86.0
2012,4,22,3,16,9,1011.4,82.9
2010,4,25,23,43,39,928.3,80.6
2011,12,19,2,19,32,862.1,78.7
2010,8,27,4,0,33,862.9,78.7
2013,4,9,20,3,24,825.7,77.6
2011,6,27,13,23,40,376.6,59.9
2011,1,9,21,47,15,420.1,62.2
2015,1,11,9,31,11,430.4,62.6
2018,8,20,14,17,19,1755.0,99.5
2017,2,4,6,23,34,1734.8,99.1
2010,7,23,20,14,49,1654.3,97.6
2016,9,18,13,44,51,1482.8,94.1
2016,1,6,3,4,14,1339.0,91.0
2015,9,20,17,1,25,1143.2,86.4
2015,11,14,1,11,35,1023.1,83.3
2018,11,27,0,51,37,875.5,79.1
2017,1,1,6,0,5,752.9,75.3
2011,3,11,5,35,32,639.6,71.4
2013,5,21,3,23,27,523.4,66.8
2020,7,4,2,14,26,384.9,60.3
2019,11,6,3,31,18,294.4,55.3
2015,11,4,22,33,48,235.7,51.4
2014,7,1,6,21,43,188.1,47.6
2015,3,4,11,44,11,169.6,46.0
2012,3,6,2,3,48,132.9,42.6
2017,10,10,8,3,16,108.1,39.9
2010,3,3,14,14,47,84.2,36.8
2011,9,14,19,48,45,65.1,33.7
2018,11,21,6,37,39,115.2,40.6
2017,5,5,8,8,22,97.8,38.3
2011,11,4,10,46,24,67.6,33.7
2013,1,16,16,7,49,41.0,29.1
2014,12,25,23,23,10,27.6,25.3
2015,12,27,10,13,29,25.5,24.1
2018,3,6,11,52,0,19.9,22.9
2016,2,9,14,48,56,19.6,22.9
2017,2,10,16,17,47,17.4,22.2
2014,6,1,4,32,31,14.1,20.3
2015,7,23,3,15,46,11.5,19.1
2011,2,21,6,20,4,10.0,19.1
2020,9,2,2,22,25,10.0,18.3
2016,5,1,15,14,30,8.8,18.3
2015,3,18,1,2,50,12.3,18.3
2016,10,20,3,26,22,8.1,17.6
2013,5,6,2,22,32,8.0,16.0
2020,10,13,23,35,1,2.3,13.7
2014,6,25,5,52,11,4.6,14.9
2012,7,24,0,7,5,3.5,14.9
2013,9,2,2,18,18,4.9,14.9
2015,8,23,23,27,23,5.9,14.1
2010,6,5,3,41,4,3.6,12.6
2011,10,26,21,2,26,0.8,11.0
2019,10,13,17,38,23,1.4,9.9
2013,12,7,0,23,32,1.0,6.0
2014,12,8,21,21,45,0.5,9.5
2020,3,14,17,52,21,3.1,10.3
2020,3,27,6,12,2,1.1,10.3
2018,6,15,10,4,3,0.2,10.6
2013,12,18,12,53,50,0.2,10.6
2015,3,3,14,26,54,3.5,10.6
2012,5,16,11,48,25,3.7,10.6
2013,11,26,8,23,55,2.7,10.6
2019,8,4,8,25,30,0.6,10.6
2012,2,21,18,55,37,2.7,8.7
2013,6,27,9,7,13,2.0,5.3
2012,5,18,5,27,22,-1.2,2.9
2020,10,14,8,36,38,29.8,25.8
2016,9,23,17,55,14,26.8,25.4
2013,3,7,7,24,59,123.0,41.5
2016,4,23,20,34,13,1562.0,95.8
2016,1,11,10,16,38,1522.6,95.0
2020,5,12,18,9,47,1413.9,92.7
2017,1,3,5,38,19,406.1,61.4
2010,10,12,22,32,11,28.6,26.2
2020,9,21,14,59,56,49.3,30.8
2014,2,12,6,9,23,994.3,82.5
2018,11,1,21,44,58,167.1,45.7
2020,4,15,10,13,38,88.0,37.1
2015,4,15,16,59,52,1646.7,97.5
2017,9,10,17,14,6,27.8,25.1
2015,7,17,2,39,30,938.9,81.0
2012,11,16,23,9,36,43.1,29.7
2015,1,6,15,29,16,907.0,80.1
2017,2,6,11,29,24,630.4,71.1
2020,2,28,18,36,49,23.8,24.1
2018,5,24,3,6,24,958.5,81.6
2017,10,2,16,2,41,18.4,21.5
2018,4,11,16,52,51,12.5,18.7
2011,9,21,7,45,56,884.3,79.4
2017,7,19,23,19,45,15.6,21.1
2013,12,28,22,7,57,13.3,20.0
2018,5,26,9,10,5,774.8,75.9
2013,11,5,13,20,12,8.0,15.6
2010,8,7,12,28,4,5.4,14.0
2016,12,10,0,42,57,26.3,24.5
2016,6,4,7,54,20,1061.5,84.3
2014,8,28,23,53,15,0.7,9.8
2019,5,6,12,37,3,11.6,17.9
2019,2,8,3,19,49,5.9,16.1
2016,10,10,17,45,19,20.9,23.1
2019,3,20,22,32,28,15.2,20.3
2013,8,19,9,39,53,1037.3,83.6
2015,8,12,13,54,16,780.3,76.1
2012,1,28,16,52,19,-1.5,5.6
2018,6,16,20,47,49,556.5,68.1
2011,8,22,10,26,33,308.0,56.1
2016,8,16,13,45,40,597.7,69.8
2012,6,7,17,46,4,429.6,62.5
2019,10,1,14,18,9,678.3,72.7
2010,11,14,7,5,41,0.2,6.6
2010,1,6,18,58,55,671.0,72.4
2012,10,25,19,28,1,252.7,52.6
2013,12,26,23,35,30,7.7,15.5
2013,2,25,18,28,58,29.4,25.4
2017,12,18,7,57,20,14.8,19.8
2016,7,25,16,6,29,195.4,48.4
2012,7,25,10,38,6,762.8,75.7
2010,1,26,16,15,55,1.3,8.2
2012,5,9,13,27,8,371.6,59.7
2010,3,18,6,30,41,2.0,1.5
2017,10,2,12,14,33,159.5,45.2
2016,7,18,3,27,22,0.5,10.4
2017,2,6,3,19,25,858.7,78.6
2016,5,3,19,0,33,695.6,73.4
2010,10,26,15,18,50,775.1,76.0
2018,9,26,19,50,53,648.1,71.7
2012,12,19,11,10,54,935.3,80.9
2015,7,24,1,15,20,4.7,12.9
2020,10,5,13,37,44,1085.4,85.0
2011,2,27,21,28,25,972.8,81.9
2012,3,14,0,42,13,5.7,13.0
2010,9,17,2,16,40,6.3,14.3
2011,11,4,23,17,30,9.9,17.7
2018,3,4,21,55,37,141.0,43.5
2017,6,4,23,30,10,653.2,71.8
2013,8,8,18,11,56,118.2,40.7
2012,5,23,16,34,25,210.9,49.5
2011,3,17,22,3,27,127.2,41.9
2018,10,23,9,59,6,1434.2,93.1
2017,9,20,3,13,24,48.5,30.2
2019,10,27,10,38,30,51.5,31.1
2017,10,13,23,47,38,54.6,31.9
2010,3,4,0,56,54,40.7,28.9
2017,2,26,19,42,54,107.0,39.5
2013,7,10,16,47,54,1605.4,96.6
2013,1,22,14,14,2,178.1,46.7
2014,5,5,7,14,53,1234.5,88.6
2019,8,23,17,57,48,1182.0,87.3
2016,12,7,12,1,37,1075.8,84.7
2017,6,1,16,48,30,42.4,29.4
2016,10,11,14,44,20,371.0,59.5
2012,1,21,8,20,25,117.8,40.8
2012,11,19,14,46,26,51.2,30.7
2019,12,3,8,5,54,59.2,32.8
2011,2,12,1,1,14,1341.1,91.1
2010,5,25,10,32,1,40.7,29.2
2019,3,9,1,44,53,145.5,43.8
2019,9,28,5,0,16,64.2,33.3
2018,12,27,13,32,16,1075.6,84.7
2015,4,26,20,14,4,883.1,79.4
2015,7,11,20,49,58,1102.3,85.4
2014,4,5,8,51,8,16.9,22.0
2013,11,19,4,34,30,618.0,70.5
2016,1,5,4,39,25,15.3,19.9
2016,12,20,19,55,27,382.0,60.3
2016,11,14,9,21,16,621.0,70.7
2012,3,19,10,25,11,392.2,60.8
2016,2,11,11,8,45,493.3,65.5
2016,2,24,8,56,19,426.7,62.5
2017,7,16,17,44,57,489.8,65.3
2018,1,17,11,45,22,2.0,7.6
2019,3,8,16,42,57,812.7,77.1
2018,5,26,21,18,49,739.4,74.9
2016,12,13,7,39,24,518.2,66.5
2012,8,27,12,27,7,1.7,0.0
2011,1,16,18,31,19,603.0,70.0
2018,6,11,21,23,44,-0.8,2.3
2014,9,26,5,25,31,-0.8,6.0
2018,2,21,3,51,16,137.0,42.8
2014,8,5,14,32,21,225.7,50.5
2019,11,7,6,37,5,376.9,60.0
2016,10,20,12,22,1,1.4,6.0
2017,9,4,0,2,38,793.8,76.6
2020,2,18,1,42,28,329.7,57.3
2011,5,8,14,55,59,654.3,71.8
2012,8,1,1,44,44,650.6,71.8
2016,7,27,2,35,6,363.9,59.3
2018,8,27,16,54,37,504.2,66.0
2016,9,15,12,6,40,89.2,37.3
2020,1,28,3,48,17,129.4,42.1
2017,11,9,3,38,36,0.0,1.2
2014,12,16,8,26,7,377.4,60.0
2019,2,12,10,8,3,616.1,70.5
2019,1,5,16,33,52,0.0,0.5
2020,5,21,2,55,35,76.8,35.5
2012,9,3,13,28,20,28.3,26.0
2019,10,22,6,1,10,0.9,10.9
2012,5,23,5,6,19,208.1,49.2
2019,5,18,10,29,10,-0.6,1.8
2018,2,14,2,51,44,582.5,69.2
2010,6,27,19,13,43,5.0,12.5
2014,10,16,20,8,51,131.0,42.5
2014,7,24,7,58,1,505.9,66.0
2018,2,21,16,30,15,28.7,25.7
2016,5,18,1,1,57,100.5,38.6
2018,10,24,2,10,53,427.7,62.5
2012,12,4,1,38,49,320.1,56.7
2016,12,9,1,8,36,474.5,64.6
2015,3,3,22,42,57,722.1,74.3
2019,2,27,4,51,21,685.1,73.0
2020,6,4,12,40,21,675.1,72.6
2019,1,2,8,39,19,85.2,36.8
2016,9,26,19,38,40,136.0,42.9
2018,10,11,15,36,4,55.6,32.0
2016,11,10,16,5,59,1303.7,90.2
2019,9,18,22,32,33,1299.5,90.1
2012,7,12,3,0,22,1313.6,90.5
2015,8,17,16,48,22,1271.7,89.5
2018,8,14,6,16,27,1312.1,90.4
2020,10,28,9,32,46,1300.7,90.1
2020,4,27,13,37,15,606.8,70.2
2018,1,9,15,6,15,616.7,70.5
2019,8,26,4,44,11,603.5,70.1
2017,11,8,11,10,9,615.1,70.4
2017,2,9,6,30,10,607.4,70.2
2017,7,10,16,31,51,616.7,70.5
2020,8,7,11,31,9,223.8,50.5
2019,2,19,1,34,39,226.1,50.5
2018,11,19,18,28,46,224.0,50.5
2013,7,1,4,24,29,224.1,50.5
2014,1,19,3,8,43,222.7,50.5
2017,10,27,8,32,25,221.9,50.5
2014,6,13,20,54,11,225.2,50.5
2013,6,11,14,57,39,225.1,50.5
2011,9,9,19,3,4,223.3,50.5
2015,2,28,0,0,21,222.5,50.5
2014,3,11,14,58,15,225.4,50.5
2016,11,13,14,3,36,222.6,50.5
2020,3,22,6,21,0,223.9,50.5
2012,7,5,14,24,4,604.0,70.1
2018,3,9,8,50,22,617.6,70.5
2018,3,28,6,50,20,617.9,70.5
2020,12,24,0,59,8,222.6,50.4
2020,4,3,0,54,54,222.3,50.4
2015,3,22,17,2,8,222.4,50.5
2018,8,17,11,48,18,49.8,30.4
2015,12,14,20,53,21,222.3,50.5
2012,4,25,18,33,35,222.9,50.4
2016,4,2,13,37,2,47.3,30.5
2020,11,27,9,28,26,50.1,30.5
2016,7,27,11,57,14,47.4,30.5
2018,9,10,18,25,37,51.0,30.8
2015,2,23,12,51,11,47.8,30.5
2018,10,7,6,41,56,48.6,30.5
2017,2,6,16,48,49,223.0,50.5
2019,11,22,9,16,58,223.9,50.5
2013,12,9,16,27,47,225.0,50.5
2020,1,9,7,59,17,48.6,30.4
2015,6,7,14,28,14,47.6,30.5
2019,3,4,21,40,6,47.9,30.5
2016,2,8,12,2,36,48.0,30.5
2016,8,20,14,23,50,48.4,30.5
2011,12,26,23,57,59,50.1,30.5
2012,8,28,8,59,49,47.0,30.5
2013,6,22,3,4,2,47.4,30.5
2011,3,23,20,14,34,50.5,30.5
2011,10,10,7,49,18,49.8,30.5
2018,4,26,17,12,53,47.6,30.5
2013,6,22,4,12,21,223.4,50.4
2014,12,3,2,12,26,222.8,50.5
2016,5,17,5,15,37,225.0,50.5
2014,5,24,13,20,10,223.6,50.5
2012,5,8,23,27,51,225.2,50.5
2016,7,26,23,44,5,225.2,50.5
2020,12,20,1,7,56,224.0,50.5
2013,7,8,0,5,38,612.6,70.3
2015,1,10,10,34,46,609.5,70.2
2010,7,7,9,42,24,618.0,70.5
2015,7,2,17,32,24,1294.3,90.0
2010,9,5,12,56,47,1273.8,89.5
2013,11,5,20,33,20,1280.6,89.7
2016,12,1,4,53,59,1277.8,89.6
2013,4,8,7,33,23,1290.4,90.0
2016,1,18,18,0,47,1277.2,89.6
2016,5,27,23,56,8,1287.1,89.8
2010,8,23,0,29,32,1274.9,89.6
2011,5,16,22,27,10,600.1,69.9
2013,8,23,17,23,15,613.8,70.4
2014,11,23,21,17,31,612.9,70.4
2014,7,23,7,5,50,225.3,50.5
2010,1,12,23,18,37,611.0,70.3
2012,1,17,12,12,55,614.5,70.5
2020,6,12,2,34,48,1280.4,89.7
2011,1,15,19,15,28,1281.6,89.7
2017,9,1,10,43,39,1299.0,90.1
2010,12,16,4,58,45,1291.2,89.9
2020,6,18,9,11,13,1295.7,90.0
2013,11,20,12,46,53,1272.8,89.6
2020,6,12,11,46,39,1277.5,89.6
2014,11,18,14,25,6,615.2,70.4
2014,3,2,14,36,12,611.2,70.3
2010,11,11,8,36,36,612.7,70.3
2019,6,21,3,6,16,615.7,70.4
2017,11,11,0,23,30,613.4,70.4
2015,1,19,8,55,2,224.0,50.5
2014,10,2,16,50,47,223.6,50.5
2015,1,28,4,43,18,223.4,50.5
2020,11,20,8,20,39,222.9,50.5
2011,11,20,9,46,58,223.6,50.5
2016,6,18,2,2,16,47.2,30.6
2019,1,5,21,49,0,47.6,30.5
2010,3,8,21,3,54,48.3,30.5
2015,10,21,15,17,0,222.3,50.4
2012,4,18,17,56,31,50.1,30.5
2020,8,20,21,32,22,47.8,30.5
2014,9,17,19,33,50,46.8,30.5
2019,10,22,21,57,6,48.3,30.5
2019,11,7,15,14,54,48.3,30.5
2020,9,1,13,20,6,47.2,30.5
2012,1,16,11,52,39,49.6,30.7
2011,12,20,2,45,43,46.6,30.5
2013,4,11,18,51,53,49.1,30.5
2012,8,13,14,51,10,0.6,10.5
2013,6,19,11,25,37,3.8,10.5
2015,6,5,0,36,42,3.1,10.5
2016,7,15,23,51,1,2.0,10.7
2013,5,1,13,47,42,4.1,10.9
2018,1,14,15,55,52,2.2,10.5
2020,11,1,15,29,42,3.4,10.5
2016,9,6,20,57,52,1.3,10.5
2011,9,2,21,28,56,3.4,10.5
2014,1,26,15,1,44,0.9,10.5
2010,4,2,2,57,42,0.5,10.5
2015,8,14,11,56,4,3.8,10.5
2012,9,15,21,8,47,3.1,10.5
2014,9,6,16,57,49,0.4,10.5
2017,10,27,19,45,45,0.9,10.5
2014,10,2,22,21,38,3.4,10.5
2014,12,3,13,33,41,3.9,10.5
2012,5,16,21,16,12,0.3,10.5
2010,6,17,16,13,25,3.6,10.5
2016,5,16,5,59,52,1.2,10.5
2012,9,5,18,8,48,1.2,10.5
2012,12,23,23,33,43,1.5,10.5
2016,5,10,15,56,30,3.4,10.5
2020,11,11,6,33,8,0.5,10.5
2016,8,5,10,41,48,2.4,10.5
2018,4,15,15,18,54,3.5,10.7
2016,3,21,23,35,43,0.1,10.5
2017,8,5,22,34,59,0.6,10.5
2018,11,2,15,23,33,48.7,30.4
2011,8,17,20,34,15,49.7,30.5
2012,12,13,20,14,32,224.3,50.5
2018,10,9,17,33,31,1280.9,89.7
2016,12,15,21,46,6,1280.5,89.7
2010,3,11,6,34,6,1283.2,89.7
2019,11,9,17,15,18,1438.5,93.2
2016,9,6,20,21,28,1653.2,97.6
2018,4,24,4,11,36,1765.2,99.7
2016,2,27,10,53,42,1295.0,90.0
2016,8,11,4,13,0,1294.4,90.0
2015,6,12,0,11,6,980.2,82.1
2011,9,9,17,32,29,986.0,82.3
2018,8,17,1,50,5,831.5,77.7
2010,4,11,15,12,46,899.5,79.8
2018,6,1,5,49,16,558.8,68.3
2017,5,6,2,40,25,508.4,66.1
2010,2,22,23,27,53,426.6,62.4
2019,2,3,11,19,33,394.8,60.9
2015,2,27,14,56,40,306.3,55.9
2010,9,24,13,0,8,249.7,52.3
2016,10,20,9,13,52,193.4,48.1
2019,11,15,0,47,8,166.8,45.8
2010,8,8,6,35,19,211.5,49.4
2014,2,28,23,37,51,180.3,47.0
2016,1,2,3,52,1,300.5,55.6
2011,2,1,10,3,7,340.9,58.0
2016,3,27,3,0,5,386.5,60.5
2015,8,12,21,9,48,339.6,57.9
2015,2,15,5,57,49,313.2,56.4
2014,4,18,18,19,50,366.0,59.3
2020,8,3,22,33,11,478.9,64.9
2018,9,3,0,54,18,403.0,61.3
2016,8,22,21,50,56,324.0,57.0
2019,10,14,0,28,8,194.0,48.2
2011,5,7,22,20,45,341.0,58.1
2018,12,8,1,9,48,102.2,39.2
2015,8,2,21,17,43,128.6,42.0
2020,11,10,6,36,36,142.2,43.6
2016,9,22,21,6,33,326.2,57.2
2017,12,12,15,46,9,140.2,43.3
2016,2,28,0,19,38,61.6,32.9
2018,9,4,9,35,17,104.5,39.4
2018,3,16,1,50,53,96.9,38.3
2019,6,14,7,21,25,42.7,28.8
2011,4,8,20,42,22,61.7,32.8
2018,10,10,13,49,10,144.8,43.6
2010,9,11,9,59,11,158.1,45.0
2013,11,1,0,6,33,183.0,47.3
2020,2,15,13,13,10,84.2,36.4
2018,8,16,1,54,57,38.2,28.0
2015,1,10,19,5,7,96.1,38.3
2013,10,25,20,8,58,31.5,26.4
2014,3,6,22,42,32,19.7,22.8
2018,10,2,23,24,53,5.9,16.7
2010,6,9,18,49,6,16.7,21.6
2014,9,3,10,0,19,40.9,29.2
2014,7,26,18,34,12,96.4,38.4
2019,8,22,9,45,23,34.4,26.9
2013,10,27,4,26,27,101.6,39.0
2014,9,13,0,49,32,116.9,40.9
2015,3,1,21,32,45,184.0,47.2
2013,2,3,16,31,11,213.0,49.6
2018,6,8,3,41,4,255.1,52.6
2012,10,9,6,30,24,184.6,47.4
2013,7,21,6,19,23,337.3,57.8
2013,7,27,4,38,52,356.3,58.8
2018,8,6,1,1,37,387.8,60.4
2013,8,27,22,20,20,350.5,58.4
2013,1,2,6,51,47,553.8,68.1
2020,11,13,4,39,15,743.2,75.0
2012,7,24,0,23,52,1307.8,90.3
2013,5,11,2,39,6,939.5,80.9
2017,2,23,16,56,4,1324.0,90.6
2017,12,28,11,26,17,1398.7,92.4
2018,12,19,13,19,6,984.9,82.2
2018,1,11,4,12,15,964.6,81.7
2010,11,7,5,16,41,657.1,72.0
2013,7,23,0,22,1,714.7,74.0
2014,7,3,8,15,15,927.1,80.6
2012,12,12,9,10,18,688.4,73.1
2012,9,16,20,56,15,268.8,53.6
2015,4,12,0,22,6,484.9,65.1
2010,7,7,1,29,4,449.8,63.5
2016,6,11,9,0,0,1637.8,97.3
2011,10,16,12,55,23,1458.7,93.6
2016,4,7,3,51,34,1632.1,97.2
2017,1,27,11,45,31,1386.7,92.1
2014,12,9,13,11,53,1367.2,91.6
2011,5,17,23,42,24,1066.5,84.5
2011,12,9,20,0,8,968.6,81.8
2014,7,10,10,57,13,970.7,81.8
2019,11,23,22,38,6,633.4,71.1
2017,3,11,0,31,14,615.6,70.5
2013,1,19,5,49,25,405.7,61.5
2011,2,15,17,58,39,420.8,62.2
2013,8,12,20,53,21,263.9,53.2
2018,6,11,14,3,29,202.3,48.9
2013,6,6,18,47,5,175.3,46.6
2011,5,23,21,32,36,195.8,48.4
2017,10,23,7,45,18,140.3,43.3
2013,11,2,5,15,21,114.2,40.6
2019,6,2,10,22,17,165.0,45.8
2020,12,22,8,37,55,65.4,33.9
2013,7,23,21,22,18,92.7,37.7
2017,11,25,20,28,59,86.9,36.8
2013,6,23,22,48,34,67.5,33.7
2018,1,18,1,27,3,18.5,21.9
2010,10,14,21,34,35,20.6,22.7
2016,11,13,21,10,28,7.1,16.3
2018,4,12,17,44,18,32.4,27.1
2010,3,17,0,32,1,21.6,23.7
2017,2,28,22,28,46,19.1,21.9
2010,3,9,19,40,15,3.3,11.8
2012,1,15,16,33,30,5.7,15.6
2010,2,4,0,8,0,7.6,17.2
2016,12,27,8,33,5,8.3,16.5
2018,8,19,17,12,7,11.0,18.7
2014,9,10,12,35,26,3.8,11.6
2010,1,12,17,15,13,19.5,22.3
2010,6,15,7,39,9,3.2,13.4
2012,3,14,15,14,40,5.6,12.9
2020,2,24,10,57,14,13.3,20.4
2016,10,10,10,59,44,7.7,15.6
2020,11,7,17,36,16,3.8,11.3
2014,6,5,14,33,21,3.4,12.5
2019,7,10,10,7,7,9.2,18.3
2012,5,9,6,21,41,-0.8,3.7
2014,5,21,1,51,33,0.1,10.2
2017,3,25,10,16,35,1.8,12.5
2015,1,16,8,44,38,1.8,7.4
2012,7,10,7,53,47,5.2,16.3
2014,7,6,6,21,17,5.6,13.4
2018,7,4,2,57,34,3.1,9.0
2011,9,22,6,52,35,6.4,15.2
2011,11,18,11,13,47,6.5,16.9
2010,4,1,19,41,41,2.0,10.2
2010,6,24,12,6,0,-0.4,10.0
2020,4,17,8,58,4,1.4,11.4
2016,2,16,8,27,45,8.4,16.0
2019,11,20,8,44,25,1.1,6.0
2017,9,15,3,41,0,1.8,2.7
2018,5,23,11,46,53,28.7,26.1
2017,9,4,2,40,19,14.2,19.8
2012,7,10,16,31,19,58.0,32.0
2010,2,27,12,10,22,1706.8,98.6
2019,11,20,0,25,14,1523.0,95.0
2010,10,20,17,33,29,1530.1,95.1
2012,9,21,9,0,10,1405.1,92.5
2010,4,10,20,50,25,1481.9,94.1
2010,8,14,2,23,2,1230.7,88.5
2018,11,18,17,28,56,1233.0,88.6
2012,12,15,6,3,58,1037.5,83.7
2015,1,5,16,40,41,978.9,82.0
2012,1,16,13,24,58,879.2,79.3
2018,3,12,5,52,57,987.0,82.3
2020,1,7,19,22,1,1054.8,84.2
2011,9,3,11,9,57,854.9,78.5
2015,6,2,11,57,50,900.7,79.8
2010,6,9,16,15,10,749.2,75.1
2014,3,28,13,23,22,756.6,75.3
2018,1,7,0,32,28,614.5,70.5
2014,5,2,23,21,44,630.8,71.0
2020,9,3,5,3,31,516.0,66.5
2013,6,4,10,50,20,480.2,65.0
2012,1,19,4,9,14,552.2,68.0
2015,2,22,13,36,53,430.3,62.6
2015,12,16,23,30,54,377.4,60.0
2012,6,12,14,29,9,332.7,57.5
2016,11,24,21,57,15,409.4,61.6
2015,9,18,23,5,43,273.7,53.9
2019,3,14,1,53,43,342.8,58.1
2017,6,27,20,22,0,421.8,62.1
2010,10,13,18,39,59,361.3,59.1
2013,7,21,13,28,26,308.0,56.2
2014,12,20,12,53,7,422.9,62.2
2010,9,19,17,1,55,326.0,57.1
2013,5,10,12,41,8,117.4,40.9
2014,4,7,1,53,49,115.0,40.4
2011,2,18,13,4,9,50.3,30.6
2018,5,5,9,34,22,91.0,37.7
2012,7,19,23,10,38,82.6,36.3
2017,3,17,10,46,37,55.1,32.0
2011,8,15,0,32,34,16.6,21.7
2014,4,18,6,47,39,52.5,31.3
2018,4,26,23,19,19,23.5,23.5
2019,12,23,19,52,26,17.2,21.7
2014,4,21,18,54,26,24.6,24.2
2018,5,6,11,58,22,22.1,24.1
2013,5,23,15,2,1,90.3,37.5
2017,9,15,5,55,34,104.9,39.4
2011,1,4,20,25,52,6.7,16.1
2012,10,6,19,19,51,23.8,24.3
2019,12,13,9,14,25,7.5,17.4
2016,12,14,14,49,26,8.5,18.0
2018,3,18,15,36,43,21.6,23.0
2019,3,28,16,35,0,14.4,20.6
2013,5,16,1,53,32,21.4,23.4
2020,4,17,8,4,1,26.0,24.6
2013,11,20,11,15,51,41.0,28.8
2010,1,15,5,33,2,53.2,31.1
2013,7,26,16,32,24,54.7,31.4
2018,9,15,0,39,33,104.7,39.4
2017,7,22,16,50,18,97.0,38.1
2011,3,18,11,19,44,134.1,42.6
2011,7,21,19,0,27,139.2,43.1
2013,4,1,13,22,28,154.7,44.8
2020,9,28,11,6,26,133.3,42.7
2018,7,6,8,10,26,261.8,53.2
2010,5,7,0,2,16,497.3,65.7
2010,12,4,15,56,20,526.9,66.9
2016,8,19,7,17,13,660.7,72.2
2018,9,27,0,8,34,639.1,71.3
2013,6,9,17,22,46,1017.3,83.1
2015,12,15,23,37,48,904.7,79.9
2016,9,11,21,43,28,789.4,76.4
2019,6,13,12,31,57,912.7,80.2
2014,2,4,18,36,58,1050.4,84.0
2013,5,19,18,39,34,891.7,79.7
2019,9,27,4,39,42,811.1,77.2
2016,8,8,1,36,13,826.8,77.6
2015,10,23,18,29,57,704.8,73.6
2017,2,23,22,45,16,852.2,78.5
2019,6,11,16,45,56,613.9,70.4
2010,10,19,15,23,44,780.9,76.2
2018,5,14,14,7,40,580.0,69.1
2013,11,3,23,25,54,1668.7,97.8
2020,9,26,12,10,46,1538.0,95.3
2011,4,15,21,13,25,1403.0,92.4
2014,11,27,14,13,35,1543.5,95.4
2016,8,28,22,57,59,1040.6,83.8
2020,11,25,13,15,8,1016.0,83.1
2020,4,1,14,39,40,790.3,76.5
2017,2,11,18,39,8,902.3,79.9
2017,9,17,16,24,45,963.4,81.7
2013,3,10,3,58,38,702.0,73.5
2011,5,9,19,55,36,565.0,68.5
2015,6,19,22,2,54,656.8,71.9
2011,12,7,21,1,46,429.7,62.6
2019,10,10,19,13,46,535.3,67.4
2014,1,27,9,42,31,71.4,34.3
2014,7,26,4,21,47,70.6,34.7
2017,3,10,2,12,3,71.6,34.7
2017,4,27,9,56,31,21.2,23.1
2010,8,13,17,50,13,26.7,25.6
2017,8,28,6,19,30,22.9,23.4
2011,11,11,1,54,10,68.7,34.2
2018,6,26,9,35,59,129.7,42.3
2014,11,14,19,23,12,83.4,36.4
2014,2,6,21,5,52,79.9,36.1
2017,7,1,11,19,50,37.4,28.1
2014,5,7,1,36,24,61.7,33.0
2013,6,25,19,41,3,27.5,25.6
2011,12,16,6,21,13,36.1,27.8
2016,2,15,8,44,52,46.6,30.0
2018,9,13,0,40,27,41.5,29.0
2019,7,21,4,1,55,24.6,24.9
2012,9,4,10,25,24,37.8,27.9
2015,6,21,14,45,18,28.3,25.6
2015,12,16,12,39,49,25.7,24.9
2013,8,26,0,10,21,9.8,18.3
2015,1,8,10,18,39,7.6,17.7
2017,12,9,3,21,38,5.9,15.4
2014,3,9,13,49,38,2.1,13.5
2020,3,10,3,23,34,6.0,15.0
2020,10,24,16,0,43,2.9,12.2
2012,1,2,18,0,15,17.2,20.9
2017,11,26,23,47,49,5.5,15.7
2011,8,12,10,20,26,13.4,19.3
2018,6,24,4,58,15,3.9,11.9
2019,11,25,21,29,8,3.1,13.7
2019,1,10,14,42,15,1.8,4.6
2015,5,13,18,0,9,11.0,17.7
2019,10,8,4,19,27,12.1,20.2
2019,10,2,5,33,24,5.1,13.4
2015,4,13,10,5,3,20.3,22.7
2019,9,25,1,40,6,14.2,20.9
2019,9,13,6,44,53,15.0,19.9
2019,4,6,3,8,21,7.3,16.6
2010,7,9,23,0,58,5.6,14.2
2019,10,16,11,30,25,0.2,9.0
2018,10,22,4,3,30,11.5,19.1
2010,7,5,3,44,12,2.7,8.4
2018,12,12,23,6,40,2.6,10.6
2011,12,2,0,57,20,23.9,24.3
2010,10,19,2,56,57,5.0,14.0
2010,1,2,4,47,50,16.4,22.1
2011,7,27,4,23,18,1435.5,93.1
2010,8,14,5,15,35,1151.4,86.6
2014,8,23,20,8,52,1271.7,89.5
2020,12,22,21,29,20,1377.4,91.9
2017,7,17,19,29,30,1393.5,92.2
2016,4,9,13,9,13,1309.2,90.3
2013,2,20,2,35,4,1290.7,89.9
2015,2,7,16,15,5,1381.9,92.0
2016,2,3,23,15,26,1211.0,88.1
2012,8,10,19,59,43,448.6,63.5
2018,1,7,10,55,38,451.7,63.6
2014,1,19,11,2,17,441.8,63.1
2012,7,13,22,52,56,433.1,62.8
2016,5,18,13,58,39,451.4,63.5
2013,1,9,16,43,18,441.0,63.0
2016,3,20,17,59,22,433.1,62.7
2013,1,15,13,53,47,437.1,62.9
2016,2,5,10,4,22,447.8,63.4
2010,7,14,14,11,16,449.2,63.6
2019,11,25,19,36,10,448.5,63.4
2020,10,19,21,40,16,233.4,51.2
2016,10,9,10,5,38,405.7,61.4
2020,10,12,6,2,1,317.2,56.5
2011,10,18,7,40,30,381.5,60.2
2018,12,3,21,6,13,453.8,63.7
2018,2,2,22,41,55,435.8,62.9
2012,4,5,3,47,6,441.2,63.2
2015,9,2,16,57,6,502.5,65.8
2010,12,22,14,47,22,733.6,74.6
2018,5,19,15,34,15,442.9,63.2
2019,9,22,2,10,17,775.6,76.0
2018,6,12,10,2,48,436.3,62.9
2019,9,19,14,18,28,204.8,49.1
2019,8,22,7,31,42,174.8,46.4
2014,12,1,12,19,20,72.4,34.6
2015,8,10,3,41,47,68.5,33.9
2016,10,11,23,59,18,95.3,38.3
2019,3,8,12,42,41,82.2,36.0
2020,11,22,15,37,37,31.9,26.5
2018,5,21,8,26,39,79.1,35.7
2013,10,2,7,9,4,34.8,27.1
2014,8,19,1,6,44,28.0,25.0
2013,2,13,10,35,42,65.3,33.6
2019,6,2,0,12,31,240.4,51.5
2011,9,26,20,42,42,411.8,61.8
2016,8,8,16,29,13,356.4,58.8
2015,11,18,7,36,38,47.0,30.0
2017,10,4,0,43,18,52.7,31.5
2017,6,26,14,50,6,6.3,16.3
2019,12,28,22,26,19,12.7,20.2
2018,11,10,21,11,13,8.7,16.9
2011,8,4,19,40,38,8.0,15.6
2015,4,13,15,4,9,14.3,20.8
2018,3,7,8,29,7,30.6,26.5
2019,11,3,4,2,36,18.3,21.4
2018,12,27,11,16,5,58.9,32.4
2017,9,18,13,8,9,40.1,29.0
2011,12,13,19,10,0,49.1,30.3
2019,8,13,8,15,11,34.8,27.2
2019,11,11,9,58,58,44.0,29.7
2019,2,27,8,39,36,120.8,41.3
2017,3,11,4,9,52,143.9,43.5
2014,9,26,3,32,39,129.3,42.0
2018,6,11,6,36,27,147.0,44.0
2018,6,23,6,1,40,445.7,63.4
2010,7,24,4,16,40,538.5,67.4
2015,4,20,2,17,46,608.1,70.2
2016,9,3,2,14,33,1166.4,86.9
2016,7,16,7,28,9,1187.8,87.5
2011,7,19,10,13,13,1198.9,87.8
2018,9,11,8,53,38,1112.3,85.6
2011,8,22,18,4,6,1295.4,90.1
2020,12,25,9,8,48,1311.8,90.4
2014,2,17,9,33,45,1293.4,90.0
2011,7,1,23,14,10,914.4,80.3
2014,2,4,22,7,19,825.1,77.5
2020,9,26,16,34,3,845.9,78.2
2020,5,14,0,20,0,898.4,79.8
2019,9,3,8,28,14,392.7,60.8
2019,6,26,10,1,10,439.8,63.1
2015,9,13,3,58,21,447.9,63.4
2010,8,18,4,15,36,1305.0,90.3
2017,2,9,16,37,51,1388.5,92.2
2016,8,12,22,55,34,1325.0,90.7
2012,10,18,1,11,10,1220.6,88.3
2013,7,16,23,41,30,1387.5,92.1
2018,6,2,5,25,41,1368.0,91.7
2016,8,7,11,43,16,1316.7,90.6
2014,9,11,21,35,48,831.7,77.7
2015,6,22,0,48,9,440.9,63.1
2017,2,23,14,3,16,447.2,63.4
2019,2,12,5,29,24,445.9,63.3
2017,10,18,3,16,23,265.6,53.3
2015,7,21,20,7,27,316.3,56.5
2012,1,11,0,54,42,375.5,59.8
2019,11,2,11,47,55,268.8,53.7
2016,8,1,20,57,49,308.0,56.0
2016,10,3,9,30,4,263.4,53.2
2012,7,15,4,31,25,242.2,51.8
2012,7,24,14,6,28,20.6,23.4
2014,6,20,22,4,57,8.4,16.4
2020,2,10,8,41,33,64.8,33.8
2013,2,15,9,44,56,55.0,32.1
2013,6,14,12,51,15,28.8,26.1
2013,12,3,16,49,50,23.4,24.2
2019,1,13,5,9,49,37.0,27.7
2015,8,2,1,43,37,4.9,14.9
2016,8,17,14,11,4,3.7,14.5
2020,6,15,1,24,0,4.3,14.6
2015,2,4,19,54,45,6.7,15.9
2017,5,21,17,27,54,7.8,15.9
2011,1,9,15,9,18,7.6,15.2
2012,11,21,10,20,33,7.8,15.2
2020,8,16,7,21,42,6.0,16.2
2016,2,11,10,3,41,25.9,25.1
2011,9,14,14,59,44,12.2,18.3
2019,8,2,12,11,51,12.2,20.0
2018,10,8,17,43,33,29.9,26.5
2019,1,12,7,34,21,6.0,16.2
2010,12,7,16,56,13,6.6,14.6
2014,12,25,1,30,0,3.4,14.5
2015,7,26,0,55,48,5.3,14.4
2012,2,25,19,35,6,7.5,17.3
2015,6,6,3,7,41,17.0,22.4
2019,12,26,19,4,26,10.9,17.6
2011,7,11,1,57,19,10.3,17.8
2017,6,7,7,31,0,8.3,15.6
2011,12,1,1,9,29,11.3,17.7
2019,11,7,22,58,24,4.4,15.1
2013,8,6,19,24,57,8.0,18.0
2020,9,23,9,12,0,4.2,15.2
2010,11,5,2,2,48,7.7,16.3
2020,11,1,6,21,36,5.1,15.9
2017,12,1,16,41,23,6.5,15.3
2015,5,14,11,8,5,6.6,15.8
2015,7,24,12,20,10,5.3,15.6
2014,11,9,23,38,54,8.2,15.8
2017,10,9,5,47,10,4.1,14.8
2011,9,17,3,30,3,4.2,15.0
2015,10,14,8,5,30,28.0,24.9
2017,6,17,18,41,38,12.9,19.1
2011,4,7,13,44,35,259.4,52.9
2011,6,15,15,25,8,1204.8,87.9
2020,5,6,21,44,21,1325.3,90.7
2010,9,7,15,37,34,1386.7,92.1
2010,11,12,6,38,46,1044.3,83.9
2019,9,28,8,43,33,1006.6,82.8
2020,11,24,21,55,13,800.1,76.8
2010,11,28,19,20,36,974.4,82.0
2016,2,3,14,17,10,913.4,80.2
2019,1,1,21,50,41,1086.5,85.0
2018,8,6,3,5,32,1043.5,83.8
2018,10,10,17,24,42,996.7,82.6
2015,3,15,15,19,48,723.3,74.3
2011,12,16,8,28,24,746.1,75.1
2019,9,11,0,19,10,651.1,71.7
2018,11,24,4,50,49,674.9,72.6
2014,6,3,2,47,5,632.8,71.1
2019,3,23,21,39,54,478.5,64.9
2014,8,14,20,47,15,452.3,63.6
2013,1,16,18,14,52,495.3,65.6
2019,4,22,14,37,39,541.9,67.6
2017,4,28,16,32,52,653.6,71.9
2020,4,28,2,14,44,601.5,70.0
2014,10,12,22,8,43,530.7,67.2
2011,2,11,12,49,16,676.1,72.6
2020,8,12,19,5,46,636.0,71.2
2013,11,17,16,53,15,554.8,68.0
2018,6,11,5,26,34,613.8,70.4
2012,1,4,7,40,55,674.6,72.6
2019,8,18,17,22,6,780.1,76.1
2014,8,19,6,39,33,809.9,77.1
2018,12,20,0,6,24,780.7,76.2
2017,12,9,11,37,57,688.5,73.1
2015,11,4,9,36,6,77.4,35.6
2015,7,15,5,43,47,61.4,32.6
2015,4,9,8,16,50,36.2,27.2
2019,5,4,7,24,13,41.7,29.1
2015,1,6,16,1,20,37.6,28.5
2011,1,8,0,38,17,34.4,27.4
2013,10,2,10,47,20,24.6,24.5
2016,10,4,17,26,1,23.9,23.7
2012,7,5,9,26,39,27.9,25.2
2015,6,2,21,37,32,33.2,26.6
2015,6,17,14,35,25,36.9,28.3
2014,1,28,22,46,40,39.9,28.7
2017,4,27,2,32,28,37.7,27.8
2011,10,26,5,33,41,41.7,28.9
2018,3,4,3,29,40,33.9,26.8
2014,6,7,12,4,27,31.8,26.7
2019,7,17,9,30,19,10.6,19.3
2011,5,26,1,49,34,30.7,26.4
2019,10,18,16,31,58,13.8,20.1
2010,8,21,17,16,29,22.5,23.5
2018,6,11,1,34,30,13.7,20.3
2020,9,13,13,46,35,32.9,27.0
2017,10,4,11,51,34,31.1,26.0
2010,8,10,16,11,38,20.1,22.0
2013,4,7,5,37,8,43.4,29.3
2014,8,25,13,49,39,45.4,30.0
2017,2,3,12,59,37,36.4,27.9
2015,9,19,17,10,28,34.6,26.8
2011,10,27,0,41,59,53.2,31.0
2019,1,26,11,47,38,53.4,31.6
2018,8,25,17,57,19,69.5,34.2
2013,4,23,4,47,18,544.7,67.6
2018,7,8,2,21,55,756.7,75.4
2017,2,5,10,3,40,659.8,72.1
2013,2,9,1,17,16,884.7,79.4
2017,6,8,7,26,50,962.2,81.7
2015,11,5,12,14,9,1002.7,82.7
2010,5,15,21,57,8,913.7,80.2
2016,12,12,12,22,43,981.6,82.2
2019,1,10,10,59,46,1086.8,85.0
2017,8,19,14,50,39,1021.0,83.2
2017,9,23,3,52,12,968.4,81.7
2013,3,27,14,54,2,1031.1,83.5
2016,7,15,0,3,13,915.3,80.3
2016,7,18,22,13,35,1059.3,84.3
2019,10,13,17,36,16,913.5,80.2
2011,12,4,0,43,6,554.8,68.1
2013,8,10,18,26,25,728.5,74.4
2010,4,16,22,30,14,674.1,72.6
2017,4,27,1,27,47,995.7,82.5
2019,2,27,8,24,10,1116.2,85.7
2017,3,5,8,56,55,1025.4,83.4
2012,7,22,3,46,35,1174.3,87.2
2019,1,2,4,2,45,993.0,82.4
2016,2,26,15,36,54,1027.7,83.4
2020,3,25,0,39,46,978.3,82.0
2018,9,9,21,52,46,885.7,79.4
2014,9,1,5,46,40,901.6,79.9
2010,11,12,12,43,54,829.9,77.8
2016,9,23,17,38,4,656.0,72.0
2015,12,15,3,22,17,595.3,69.7
2012,12,4,21,56,10,605.1,70.0
2015,6,5,21,15,5,493.2,65.5
2016,1,3,20,27,11,74.5,35.0
2016,4,11,20,34,35,70.6,34.8
2012,5,10,2,48,49,60.2,32.4
2010,1,17,23,54,54,68.1,34.4
2017,10,10,1,29,10,37.5,28.1
2011,2,22,11,19,52,35.8,28.1
2013,4,28,17,58,53,25.0,24.1
2014,4,21,22,22,26,31.1,26.2
2014,3,24,13,14,29,36.6,27.8
2017,12,17,8,21,5,25.0,23.9
2011,8,25,1,28,4,31.1,26.8
2013,4,9,9,42,5,17.4,22.0
2010,11,10,16,7,28,21.8,22.7
2011,3,16,19,26,5,13.5,20.7
2010,2,17,10,31,59,19.4,22.4
2019,11,1,1,7,50,7.7,17.8
2018,10,21,4,15,5,16.7,21.6
2013,5,21,6,59,1,17.3,21.2
2018,12,11,6,5,33,27.1,25.1
2012,3,6,5,17,13,11.7,19.4
2019,9,8,8,26,3,7.5,17.0
2012,6,9,12,8,36,14.2,19.5
2015,6,25,20,41,17,22.2,23.5
2013,2,17,14,33,57,9.3,17.5
2020,7,1,19,7,19,6.0,16.8
2015,11,6,0,37,36,7.3,16.8
2020,6,10,7,2,38,19.4,22.0
2017,3,13,22,24,31,6.5,16.8
2010,5,20,14,7,37,15.0,19.9
2012,5,16,0,6,20,9.5,17.1
2013,4,9,12,52,44,9.2,18.7
2017,7,22,21,57,22,11.4,17.9
2017,7,26,8,11,2,6.8,17.3
2017,4,19,1,37,30,7.3,17.7
2019,8,15,4,21,10,9.5,17.4
2014,2,16,23,8,56,11.2,18.2
2013,11,15,7,34,38,9.3,17.2
2013,4,11,6,45,7,7.5,16.8
2017,5,12,8,15,1,8.6,17.2
2012,8,16,6,39,9,13.4,19.4
2019,3,7,1,24,15,15.0,20.7
2015,12,15,4,38,21,7.2,14.9
2014,8,25,10,52,54,15.4,20.2
2016,7,11,21,12,12,11.5,18.2
2013,7,18,20,7,4,20.5,22.7
2013,9,8,14,40,0,30.8,26.5
2012,11,18,13,53,0,71.7,34.9
2011,1,21,1,54,37,868.2,79.0
2011,12,9,18,55,46,1092.8,85.1
2013,10,6,18,39,13,1010.8,82.9
2010,8,28,5,44,33,1330.2,90.9
2017,10,13,22,44,43,1254.3,89.1
2017,4,18,3,27,36,1103.9,85.5
2019,12,13,13,33,14,1013.2,83.1
2014,11,8,9,33,25,1009.1,82.9
2018,8,6,19,14,35,1009.5,83.0
2018,4,10,15,32,44,1008.1,82.9
2016,10,28,9,53,7,1009.5,82.9
2018,1,2,13,55,45,1007.5,82.9
2012,12,4,19,0,57,1011.1,82.9
2010,5,2,21,53,53,1007.1,82.8
2012,1,1,0,4,30,239.2,51.5
2013,11,5,11,4,27,234.8,51.4
2018,9,18,14,50,11,247.1,52.1
2012,10,20,11,26,40,241.5,51.7
2018,5,1,20,29,9,227.5,50.7
2013,7,27,9,47,40,239.2,51.7
2019,8,6,20,26,15,232.8,51.2
2015,3,9,5,19,17,237.7,51.4
2012,5,1,21,41,53,245.6,52.1
2018,3,16,19,57,18,226.2,50.6
2017,7,27,4,54,42,219.0,50.1
2016,12,25,1,51,59,239.6,51.5
2020,3,22,3,30,54,242.0,51.9
2016,7,27,13,35,52,250.3,52.3
2019,3,2,13,57,38,234.6,51.2
2020,7,22,6,14,35,1011.4,82.9
2020,6,23,0,56,3,1038.7,83.8
2012,2,11,14,23,46,242.8,52.0
2010,11,2,17,22,49,231.6,51.1
2017,3,21,3,59,12,237.3,51.3
2016,9,13,5,38,27,245.7,52.2
2016,4,15,8,37,20,233.0,51.2
2013,12,1,17,40,46,223.8,50.4
2012,1,14,21,16,40,235.1,51.4
2011,4,19,21,30,24,10.4,17.1
2010,9,25,9,5,16,6.7,17.1
2013,4,23,16,13,46,9.0,17.1
2019,8,26,22,29,29,7.5,16.9
2014,7,9,13,51,6,228.4,50.7
2013,10,7,22,1,46,236.6,51.4
2012,12,22,10,23,9,227.1,50.8
2010,5,5,1,1,20,226.6,50.7
2012,8,1,5,3,32,238.1,51.5
2011,11,13,4,56,43,7.0,17.4
2018,7,2,22,28,23,10.2,17.2
2014,10,5,16,0,10,9.5,17.1
2010,8,18,14,25,4,7.5,17.1
2016,3,17,17,10,40,7.9,17.0
2013,2,12,2,17,36,6.9,17.1
2018,4,22,3,15,52,9.0,17.1
2020,2,6,16,27,30,7.4,17.0
2018,10,8,17,35,50,8.2,17.0
2017,11,2,23,29,8,228.5,50.7
2019,11,2,23,33,54,233.2,51.3
2018,8,16,19,42,40,238.6,51.6
2014,8,26,23,38,0,249.7,52.3
2012,1,25,0,58,59,245.4,52.0
2018,2,21,5,51,33,240.2,51.7
2012,6,27,22,6,55,220.2,50.3
2019,6,27,0,53,3,238.8,51.5
2016,3,21,17,8,32,248.8,52.1
2013,1,7,18,56,42,246.1,52.0
2013,10,14,0,55,12,1010.3,83.0
2014,6,3,22,22,42,1014.5,83.1
2018,8,28,22,29,7,1011.4,83.0
2020,1,17,0,3,17,1007.1,82.8
2010,12,25,17,53,12,1017.5,83.2
2014,12,10,0,53,39,1007.7,82.9
2016,10,4,1,49,44,1008.8,82.9
2016,8,21,5,17,17,1048.7,84.0
2014,12,28,18,33,59,1009.9,83.0
2017,8,12,15,29,6,1014.7,83.1
2018,4,7,22,6,49,1037.7,83.7
2019,3,13,5,36,47,1010.2,82.9
2017,10,4,19,32,40,238.6,51.4
2011,10,13,6,39,32,236.5,51.3
2010,5,10,12,11,24,238.4,51.6
2020,3,23,11,53,26,1489.4,94.2
2013,12,27,19,49,45,1428.1,93.0
2017,1,4,1,27,42,1224.0,88.4
2014,11,6,3,23,16,1044.6,83.9
2010,12,7,19,58,56,1029.2,83.5
2013,9,7,22,38,15,1010.7,82.9
2015,2,8,10,54,9,1008.9,82.9
2016,3,21,15,50,0,1010.2,82.9
2017,1,21,5,58,10,1010.5,83.0
2019,5,4,11,30,20,1012.1,83.0
2011,6,23,15,54,15,1009.7,82.9
2014,12,25,15,29,54,234.2,51.2
2013,8,25,11,56,40,224.7,50.5
2010,6,18,21,5,12,245.6,52.2
2017,8,2,9,1,14,247.1,52.1
2012,8,16,1,59,47,231.4,51.2
2016,2,14,23,56,24,244.1,51.9
2019,8,28,4,47,13,244.8,51.9
2013,9,16,21,15,9,214.6,49.7
2013,1,17,8,53,25,6.5,17.1
2013,3,16,7,41,34,242.3,51.9
2016,4,26,4,22,51,238.0,51.4
2011,1,17,23,22,19,9.9,17.0
2015,5,16,12,34,27,6.9,17.0
2014,3,21,12,22,15,6.4,17.1
2012,2,15,22,43,22,8.4,17.0
2019,2,8,6,10,4,7.9,17.1
2010,5,8,3,46,5,8.4,17.1
2018,3,12,3,3,56,10.2,17.2
2018,7,27,0,24,58,6.6,17.1
2016,3,16,13,59,1,7.0,16.8
2011,5,28,5,52,26,9.5,17.1
2010,12,22,3,45,29,9.2,17.1
2014,9,11,12,29,15,7.6,17.1
2011,7,26,4,1,48,9.6,16.9
2016,8,8,2,30,49,7.5,17.2
2017,1,1,6,29,22,8.2,17.2
2016,11,17,21,19,55,10.2,17.2
2012,11,27,8,42,30,9.2,17.1
2020,11,18,23,12,3,9.7,17.0
2014,1,15,8,48,27,9.3,17.1
2014,5,11,4,17,4,6.2,16.6
2011,12,6,12,1,46,7.9,17.2
2014,4,10,7,45,1,6.7,17.1
2015,3,16,15,20,24,6.6,17.1
2011,6,4,17,35,16,8.9,17.1
2012,2,26,13,13,12,6.9,17.2
2010,6,21,8,49,36,7.9,17.2
2012,6,10,9,38,45,9.1,17.1
2012,8,3,18,35,47,10.1,17.1
2019,4,28,15,50,48,8.4,15.8
2011,11,10,16,44,7,6.5,17.0
2017,9,21,16,40,4,8.3,16.2
2017,9,9,14,43,31,10.2,17.0
2012,1,26,14,30,20,8.9,17.0
2014,10,17,8,5,0,6.2,16.7
2013,9,28,12,19,24,8.5,17.0
2016,7,25,10,7,32,6.3,16.9
2010,2,27,9,0,8,9.6,16.9
2013,9,2,19,30,32,7.3,17.0
2016,1,11,19,37,8,219.9,50.2
2012,7,8,5,25,14,1189.7,87.5
2015,10,6,14,49,13,1050.0,84.0
2016,8,10,8,30,51,1010.1,83.0
2019,7,20,3,58,55,880.9,79.3
2019,2,27,6,14,35,870.9,79.0
2018,6,6,13,30,7,990.7,82.4
2017,11,10,8,54,0,877.4,79.2
2011,9,4,23,4,29,843.4,78.2
2019,10,1,18,45,32,834.5,77.9
2014,8,8,21,57,20,863.0,78.8
2019,6,21,4,11,30,801.8,76.9
2012,7,15,11,54,17,787.3,76.4
2010,11,10,12,8,15,678.9,72.7
2020,4,15,5,23,32,582.4,69.2
2020,6,3,4,30,14,624.6,70.7
2017,7,18,21,57,24,436.8,63.0
2015,2,1,9,33,50,430.0,62.6
2017,9,27,12,52,59,390.1,60.6
2013,4,23,3,30,9,425.7,62.4
2017,6,6,19,42,58,420.0,62.0
2020,10,28,8,6,35,383.3,60.3
2019,11,1,1,6,31,442.6,63.1
2010,6,16,13,44,37,597.9,69.8
2010,10,16,1,6,59,770.2,75.8
2015,11,5,0,50,18,842.5,78.1
2017,7,6,7,18,57,882.2,79.3
2011,12,11,14,6,22,880.4,79.2
2016,11,7,16,1,40,805.3,77.0
2013,7,27,6,9,14,877.2,79.2
2017,1,7,11,7,45,870.3,78.9
2010,12,26,19,59,45,876.0,79.1
2016,3,27,0,8,51,820.2,77.5
2013,11,3,14,8,0,862.7,78.7
2010,12,9,22,51,22,8.5,16.8
2017,2,20,19,39,30,9.4,17.1
2015,1,13,7,25,37,31.1,26.3
2014,12,20,14,2,57,42.4,29.1
2013,2,19,19,53,34,20.3,22.8
2018,4,4,8,1,21,8.7,17.5
2016,11,8,18,49,43,27.7,24.8
2017,1,21,0,58,42,14.9,20.0
2020,12,15,23,13,4,24.4,24.2
2020,11,19,22,12,35,169.8,46.1
2010,2,24,1,10,57,76.9,35.8
2015,8,24,23,19,56,234.5,51.3
2013,4,27,22,23,37,396.5,60.8
2013,5,4,21,35,13,64.3,33.3
2016,9,19,11,49,2,23.7,24.6
2016,11,24,3,3,39,16.7,21.9
2016,3,27,13,30,24,61.6,32.9
2016,5,14,21,47,49,17.6,22.2
2012,4,5,22,3,9,11.3,18.5
2019,8,5,12,18,56,9.6,17.7
2017,6,19,19,55,6,7.9,17.1
2010,4,15,7,3,58,6.9,16.4
2016,8,5,5,57,48,7.8,16.4
2020,1,22,20,34,26,5.9,16.4
2020,7,25,18,41,18,6.3,16.7
2018,11,15,2,11,48,64.2,33.2
2015,11,25,2,23,33,25.8,24.7
2015,7,11,19,33,8,257.4,52.9
2014,7,2,19,55,14,352.3,58.6
2010,5,19,8,14,6,162.7,45.5
2012,5,15,21,45,54,571.1,68.7
2018,5,20,7,21,8,687.5,73.1
2013,7,10,3,10,40,765.8,75.7
2014,11,4,16,55,43,879.3,79.2
2019,12,1,22,31,59,858.7,78.7
2010,6,5,15,22,42,875.2,79.1
2018,9,21,15,58,24,882.0,79.3
2014,10,21,11,16,5,883.5,79.3
2013,2,27,0,47,32,860.0,78.7
2014,3,15,1,11,21,876.1,79.2
2014,3,21,23,7,33,881.0,79.3
2015,10,19,11,58,24,863.6,78.8
2012,2,5,1,1,58,881.8,79.3
2010,10,22,8,15,45,876.8,79.2
2020,4,28,10,49,39,873.0,79.0
2012,9,17,6,41,39,732.8,74.6
2016,1,27,6,21,10,613.7,70.3
2013,11,7,23,30,3,623.6,70.7
2011,11,17,17,7,34,1109.5,85.6
2012,6,24,9,43,34,872.3,79.0
2012,6,17,4,50,3,878.1,79.3
2016,6,7,22,36,32,876.3,79.2
2016,1,3,15,39,1,880.7,79.3
2012,5,14,4,46,3,842.4,78.2
2020,10,19,12,7,33,779.3,76.1
2011,3,2,10,53,5,817.2,77.4
2014,6,17,4,10,18,767.6,75.8
2016,6,2,10,56,28,837.9,78.0
2017,9,18,3,12,46,584.3,69.3
2019,9,16,8,20,40,433.7,62.7
2012,5,19,14,51,56,456.2,63.9
2018,5,25,4,4,30,271.3,53.8
2011,3,26,5,19,42,327.7,57.3
2020,9,25,19,20,12,158.5,45.0
2020,10,22,8,54,49,229.3,50.8
2019,5,1,6,39,58,102.2,38.8
2016,8,1,18,49,36,154.0,44.6
2012,9,14,11,28,58,106.8,39.5
2016,8,14,21,19,13,21.3,22.8
2020,7,26,7,8,28,19.8,22.9
2016,4,16,6,41,16,8.2,17.7
2013,4,28,2,30,27,19.1,22.5
2018,11,9,9,26,11,8.3,17.9
2016,9,15,11,24,8,9.0,17.1
2014,8,5,13,22,8,27.4,24.8
2019,2,16,17,59,42,13.4,20.3
2020,2,6,21,39,18,6.1,16.6
2016,2,5,14,40,47,15.5,21.1
2017,3,3,22,3,20,10.5,18.4
2012,1,9,13,44,24,11.0,18.3
2017,12,7,6,25,17,9.3,17.9
2010,1,7,20,50,7,9.2,16.6
2020,8,1,18,43,50,9.3,16.3
2017,4,24,9,36,3,9.6,18.4
2011,3,18,9,8,49,5.5,16.5
2019,6,5,11,41,36,8.9,18.5
2019,4,5,4,38,41,5.9,16.5
2015,2,25,13,25,35,9.3,16.6
2012,5,17,2,37,16,8.4,17.0
2013,10,3,2,45,35,5.4,16.4
2012,8,7,5,21,36,5.6,16.3
2020,2,7,13,0,17,8.7,16.8
2016,1,24,5,38,54,7.8,16.4
2020,5,20,23,31,13,9.5,16.7
2010,11,18,4,17,24,6.0,16.4
2017,11,22,1,28,40,9.8,18.1
2019,1,23,14,38,26,7.6,17.1
2020,4,27,0,59,24,9.2,17.7
2017,4,23,15,2,34,8.2,18.2
2014,12,3,7,22,36,9.6,18.3
2020,1,25,13,11,13,11.4,18.5
2013,1,3,22,21,14,16.5,20.5
2020,10,17,15,49,16,11.6,20.0
2019,8,15,7,34,58,8.8,17.3
2019,1,14,8,1,45,7.7,17.0
2017,11,18,19,35,37,8.9,17.3
2016,6,27,1,2,0,8.5,17.7
2018,3,4,19,14,19,14.3,19.7
2013,7,16,16,10,20,299.7,55.6
2011,10,15,1,56,9,1027.3,83.4
2010,2,25,4,29,6,870.3,79.0
2015,6,4,3,44,35,879.3,79.2
2010,4,9,12,17,12,1026.6,83.3
2020,10,22,19,24,3,1106.1,85.5
2020,11,18,19,33,39,1118.5,85.8
2018,3,15,1,55,38,1090.8,85.0
2015,12,24,14,8,21,1049.3,84.0
2016,8,26,7,44,33,997.4,82.6
2015,8,3,20,30,9,933.3,80.8
2014,2,12,5,44,0,998.1,82.7
2013,4,27,16,34,37,906.1,80.0
2013,8,11,1,36,39,683.2,72.8
2019,9,13,12,50,13,647.8,71.6
2015,2,11,23,38,41,504.6,66.0
2013,1,1,13,27,43,433.8,62.7
2019,10,1,13,56,43,418.3,62.1
2010,8,16,23,10,49,402.6,61.3
2020,1,8,6,55,5,139.6,43.1
2018,11,2,13,58,11,187.0,47.7
2011,12,1,20,23,54,301.2,55.5
2019,3,23,13,54,11,488.2,65.2
2020,7,3,0,18,20,162.3,45.3
2019,8,5,20,1,15,397.5,61.0
2012,4,20,14,39,13,496.9,65.7
2012,12,18,23,48,4,512.4,66.4
2020,4,7,8,14,46,459.5,64.0
2016,4,23,2,52,2,456.8,63.8
2019,9,10,14,49,2,468.6,64.5
2013,10,22,20,4,51,487.4,65.2
2018,4,20,14,28,13,500.4,65.8
2015,5,26,23,57,18,475.0,64.6
2013,3,2,9,6,38,475.7,64.8
2020,11,17,19,56,8,119.1,41.1
2012,7,8,9,52,5,123.1,41.6
2020,4,5,2,2,24,49.7,30.7
2015,7,8,4,44,54,48.1,30.3
2018,1,21,20,53,10,70.7,34.5
2017,9,7,2,4,28,44.0,29.7
2014,9,20,8,8,56,108.1,39.6
2014,9,20,18,44,34,87.9,37.3
2019,7,11,1,3,47,73.1,34.6
2013,12,10,16,24,10,180.4,47.1
2012,5,28,3,31,22,188.3,47.6
2013,2,23,13,33,48,151.8,44.5
2016,4,15,5,43,58,116.8,40.8
2015,1,1,7,17,37,201.8,48.7
2020,3,6,15,47,51,56.6,32.2
2015,12,2,12,53,32,27.6,25.3
2010,9,14,8,2,23,16.3,21.4
2018,3,20,0,31,34,4.9,16.0
2015,11,9,6,23,12,44.3,29.4
2010,10,4,8,53,21,43.2,29.7
2011,6,20,2,22,4,49.9,30.7
2016,12,22,21,15,55,70.6,34.3
2012,4,24,18,1,17,55.8,32.0
2013,3,23,8,36,40,44.3,29.6
2014,6,2,20,39,41,68.2,33.8
2018,4,9,8,55,12,47.7,30.3
2011,4,27,7,25,13,199.8,48.6
2015,6,26,13,26,11,249.2,52.3
2010,6,7,3,47,57,163.9,45.5
2014,7,1,21,46,36,94.8,38.0
2014,2,19,12,33,19,233.2,51.1
2016,9,17,6,9,44,434.6,62.8
2016,12,14,15,3,58,495.2,65.5
2015,2,20,11,5,46,406.1,61.4
2013,3,16,14,42,58,1044.2,83.8
2015,6,12,16,56,2,1076.9,84.7
2017,2,21,16,10,53,1049.7,84.0
2010,8,11,17,14,51,1007.1,82.9
2010,10,13,9,8,43,1123.7,85.9
2018,3,22,22,59,16,1069.9,84.5
2015,4,26,8,35,56,1082.6,84.8
2017,4,4,6,30,56,1057.2,84.2
2018,10,5,19,15,38,1032.2,83.5
2017,1,14,4,1,32,1059.9,84.3
2018,6,28,20,33,26,1097.3,85.2
2019,2,9,20,34,4,264.4,53.4
2018,3,14,16,8,4,679.2,72.8
2018,9,8,5,58,57,643.9,71.5
2018,12,2,19,26,42,988.0,82.3
2019,12,23,20,26,20,1096.0,85.2
2010,7,19,14,48,35,1094.2,85.2
2020,9,18,4,15,31,991.5,82.4
2010,7,3,0,28,19,1049.2,83.9
2013,5,15,23,32,7,1085.0,85.0
2018,12,19,22,55,28,983.8,82.2
2011,8,22,23,31,37,919.2,80.4
2016,1,15,22,41,35,939.3,81.0
2018,8,21,13,22,33,904.1,80.0
2014,12,3,9,5,6,624.5,70.8
2018,10,20,7,2,50,712.6,73.9
2015,6,11,8,17,2,472.2,64.6
2018,8,9,4,15,29,458.3,64.0
2017,8,17,0,15,28,337.8,57.8
2018,11,25,10,33,13,254.4,52.6
2020,10,20,19,22,3,203.8,49.0
2020,5,15,23,57,59,262.8,53.3
2012,1,11,8,35,33,55.4,31.5
2015,2,8,9,55,3,49.2,30.5
2014,4,1,9,23,34,48.5,30.4
2020,11,7,8,1,1,48.0,30.4
2013,1,10,5,9,27,45.7,30.3
2016,5,14,18,10,42,41.3,29.0
2011,10,2,16,4,24,44.8,30.0
2018,6,5,16,26,1,77.0,35.7
2014,4,15,8,33,58,14.8,20.3
2011,11,15,21,51,38,4.3,13.0
2019,3,17,23,14,30,4.7,12.4
2020,6,18,19,17,57,2.2,13.3
2012,2,16,9,48,29,0.6,11.0
2014,11,27,4,1,52,3.8,11.9
2011,9,8,5,12,29,0.0,9.9
2013,9,16,21,13,30,1.8,12.2
2017,10,24,8,9,11,2.1,11.2
2019,4,22,15,8,48,1.2,11.3
2013,12,17,14,51,1,3.9,10.9
2015,6,28,0,50,37,-0.5,9.7
2012,4,4,11,0,24,3.3,11.9
2016,2,25,20,14,7,1.1,11.9
2010,4,9,17,43,41,4.3,12.0
2015,7,19,3,1,45,1.5,11.4
2014,11,25,11,41,43,3.2,11.7
2012,11,13,19,6,5,0.3,9.9
2018,4,14,20,3,10,0.0,10.5
2016,11,8,21,24,36,3.2,13.4
2015,10,10,7,46,30,3.7,12.9
2015,10,24,6,21,35,2.2,11.9
2016,1,5,11,14,13,1.3,9.8
2012,2,21,16,18,58,3.3,10.4
2014,4,2,21,30,30,3.3,14.1
2018,2,3,1,1,18,2.3,12.0
2019,12,7,2,40,26,2.8,10.1
2020,9,11,7,35,47,2.7,13.4
2014,12,18,13,52,43,5.8,15.2
2020,6,28,3,42,42,0.1,10.8
2018,12,1,19,0,58,4.1,14.0
2014,6,19,10,7,41,10.3,17.9
2014,2,24,2,20,34,4.5,15.2
2010,5,11,22,27,10,44.7,29.7
2011,3,22,18,0,44,175.2,46.7
2017,12,5,21,52,44,1102.5,85.3
2019,10,9,22,8,19,1051.3,84.0
2019,7,28,9,31,25,1060.7,84.3
2014,11,25,20,13,7,1535.6,95.2
2018,10,10,8,3,16,1432.8,93.1
2013,8,20,15,55,48,1478.9,94.1
2020,12,24,8,30,5,1305.8,90.3
2020,3,23,16,23,36,1604.4,96.6
2015,4,14,2,45,26,1319.0,90.6
2011,6,12,16,30,20,946.8,81.1
2019,6,12,11,49,59,897.1,79.8
2010,12,7,3,35,2,758.5,75.4
2010,4,14,12,35,32,749.9,75.2
2015,3,27,17,19,4,541.1,67.5
2010,7,14,19,45,56,282.5,54.5
2016,8,28,2,2,2,267.2,53.4
2017,9,25,17,53,32,214.6,49.8
2020,10,3,1,48,52,287.1,54.7
2015,9,5,14,3,23,386.4,60.5
2015,4,19,0,42,23,406.4,61.4
2018,7,8,5,41,34,562.9,68.4
2020,11,27,4,0,14,144.9,43.6
2013,12,16,20,16,55,212.0,49.7
2010,4,7,2,3,48,139.3,43.1
2013,12,7,7,9,22,279.7,54.3
2016,6,13,17,51,39,249.3,52.2
2018,1,17,21,39,25,275.6,54.0
2016,5,22,18,13,50,379.5,60.0
2018,4,13,11,14,6,610.7,70.3
2012,12,7,12,56,50,372.8,59.8
2011,5,28,13,15,36,402.5,61.2
2017,11,3,0,22,49,271.2,53.8
2017,11,17,23,3,0,253.8,52.6
2020,7,28,8,0,51,201.6,48.9
2013,7,1,21,36,6,173.5,46.3
2019,5,20,2,54,6,127.7,42.0
2014,2,18,15,42,2,217.7,50.0
2020,11,21,11,23,47,77.9,35.5
2016,1,13,9,58,12,74.5,35.0
2012,9,5,4,17,57,101.4,38.8
2012,6,6,18,1,29,86.7,36.8
2017,10,25,23,18,23,65.5,33.8
2016,3,28,19,58,41,53.9,31.2
2010,9,21,18,11,57,110.3,40.2
2010,9,24,0,53,38,154.4,44.6
2020,8,15,6,4,56,220.5,50.3
2016,1,6,12,2,43,45.9,29.8
2019,9,14,23,14,51,41.8,29.1
2010,1,16,7,59,7,36.8,27.6
2010,10,8,4,4,44,73.5,35.0
2014,9,16,3,6,46,70.9,34.4
2017,11,15,8,31,0,15.7,20.6
2020,11,23,4,26,41,11.6,19.6
2011,1,8,13,43,35,32.9,26.3
2016,7,12,20,18,19,20.5,22.8
2013,11,26,17,44,21,60.0,32.9
2019,2,12,9,34,15,37.4,28.3
2010,3,5,19,29,59,66.3,33.5
2011,6,13,12,19,22,199.7,48.6
2012,11,10,16,53,29,255.4,52.8
2016,1,25,4,37,20,107.3,39.6
2012,5,24,19,14,50,72.6,35.1
2017,12,14,22,12,18,183.9,47.4
2018,9,8,4,21,35,188.6,47.8
2010,2,5,5,20,54,438.4,63.0
2020,2,22,2,54,46,460.4,64.1
2015,1,5,12,9,41,677.1,72.7
2015,8,2,12,15,9,818.3,77.4
2010,12,21,5,22,10,910.4,80.1
2013,6,28,3,19,51,1101.2,85.4
2016,9,1,14,19,26,1042.9,83.8
2010,3,23,23,49,27,1041.5,83.8
2011,7,28,11,56,51,910.3,80.1
2016,4,17,5,10,4,1237.5,88.7
2012,2,16,5,24,3,1118.8,85.8
2018,6,21,0,47,27,1034.0,83.5
2011,6,24,14,7,59,844.3,78.2
2019,4,3,6,57,12,630.6,71.0
2014,7,19,10,9,55,523.5,66.9
2017,1,25,9,34,25,373.7,59.8
2014,2,17,2,58,6,383.7,60.2
2020,4,17,17,33,52,1742.7,99.3
2015,3,5,7,29,20,1575.5,96.0
2019,4,20,21,14,53,1406.4,92.5
2011,7,3,7,53,12,1452.4,93.5
2012,10,1,12,2,57,1756.9,99.6
2019,3,11,22,53,10,925.5,80.6
2010,1,10,17,3,8,801.5,76.8
2010,7,23,10,50,5,723.1,74.3
2011,10,25,8,33,17,729.1,74.5
2014,8,28,8,10,45,708.8,73.8
2019,7,13,0,39,54,712.8,73.9
2013,5,8,5,18,17,297.1,55.4
2019,6,28,9,24,26,311.7,56.3
2010,10,11,3,58,9,303.4,55.8
2016,3,27,8,31,29,138.7,42.9
2015,9,13,21,14,2,94.0,37.8
2017,1,12,15,22,39,90.6,37.6
2014,11,9,12,9,46,113.2,40.1
2010,12,1,18,25,53,109.6,39.9
2013,4,7,17,7,19,167.2,46.0
2016,5,24,4,14,59,130.7,42.3
2011,1,28,2,30,30,84.0,36.5
2013,10,11,7,39,29,59.5,32.7
2017,8,9,17,47,0,44.1,29.4
2020,9,21,12,10,38,38.0,28.1
2016,9,15,0,45,20,6.6,16.6
2017,6,12,20,41,12,11.2,18.5
2020,7,6,19,6,38,6.8,16.8
2010,8,12,23,37,22,12.6,19.4
2017,6,1,16,11,9,6.9,14.5
2015,7,21,4,3,29,22.4,24.1
2012,7,10,2,13,23,13.7,20.6
2019,7,21,6,55,3,12.9,19.9
2013,2,28,3,10,45,12.1,20.2
2019,5,26,10,22,1,23.8,24.2
2015,1,12,12,44,31,11.1,18.1
2017,4,4,4,26,38,3.2,10.2
2012,7,27,6,0,53,5.6,13.4
2010,11,6,18,36,9,5.3,15.6
2014,3,3,12,18,27,7.8,16.2
2015,5,25,12,25,45,0.2,7.1
2015,5,26,12,37,18,4.8,13.4
2017,4,14,4,31,40,10.9,17.7
2013,12,26,23,56,35,6.2,13.9
2012,4,3,1,52,57,3.5,11.7
2016,12,5,2,7,1,1.1,9.4
2016,6,15,22,35,20,3.6,10.6
2016,10,17,15,48,31,0.9,6.6
2019,12,4,17,19,48,0.9,11.0
2016,2,28,14,3,8,2.0,11.5
2012,5,26,9,45,32,1.1,5.6
2013,8,24,17,43,43,0.3,10.5
2015,12,4,13,10,3,2.5,8.9
2013,12,12,5,50,34,10.7,18.0
2012,4,4,4,35,20,6.0,15.9
2016,4,28,1,32,9,8.2,15.6
2013,6,28,12,11,11,2.3,5.9
2017,9,4,19,56,56,1.3,9.2
2014,6,21,5,4,8,41.5,28.9
2011,4,24,14,24,9,61.1,32.5
2020,6,27,15,36,8,99.8,38.7
2011,10,5,22,38,48,1684.9,98.2
2012,9,5,9,56,30,1480.5,94.1
2010,7,13,9,14,21,1186.0,87.4
2011,10,12,8,47,25,1641.0,97.3
2018,12,9,23,13,33,1457.6,93.6
2010,8,25,21,57,56,1588.0,96.3
2019,2,24,14,43,2,1491.8,94.4
2015,5,13,4,21,40,1322.1,90.6
2010,9,6,9,10,5,1056.1,84.1
2011,9,9,22,28,23,552.3,67.9
2020,7,7,17,5,34,685.9,73.0
2018,12,19,23,39,58,422.5,62.3
2011,2,23,8,52,15,757.3,75.4
2012,4,17,16,36,13,606.3,70.1
2013,4,13,20,8,1,270.3,53.7
2013,5,14,14,55,8,209.7,49.5
2013,7,28,4,48,46,184.6,47.2
2019,7,1,11,39,37,149.6,44.2
2010,2,5,5,14,40,238.8,51.6
2013,9,9,8,45,14,74.1,35.0
2010,9,3,10,5,38,336.1,57.7
2010,2,9,8,32,32,302.5,55.7
2014,8,2,6,32,19,230.5,51.0
2014,11,5,11,56,9,323.6,56.9
2020,10,25,20,45,37,342.0,58.1
2015,2,6,12,24,44,296.6,55.4
2015,10,12,11,41,34,192.5,47.9
2016,2,21,3,35,33,567.5,68.7
2010,4,23,4,58,21,556.6,68.2
2011,7,19,12,46,7,468.3,64.4
2012,10,2,16,45,43,429.2,62.5
2012,1,6,4,50,23,182.6,47.3
2013,6,19,0,48,57,273.4,53.9
2013,2,17,21,2,23,185.3,47.3
2020,12,13,3,58,24,225.7,50.6
2014,1,11,16,47,1,201.9,48.8
2019,5,11,20,39,35,168.7,46.0
2020,3,21,16,53,11,61.6,32.9
2015,1,17,20,11,47,37.6,28.4
2014,12,12,15,56,15,110.4,39.8
2016,11,12,21,51,5,105.8,39.3
2020,12,23,17,55,17,65.6,33.4
2016,12,28,6,4,19,130.6,42.3
2015,12,15,10,8,5,78.5,35.8
2017,6,2,16,54,34,54.8,31.9
2014,11,27,18,24,22,227.3,50.8
2012,3,22,16,4,53,66.9,33.6
2010,5,14,3,11,36,77.0,35.7
2010,2,27,5,21,6,17.6,21.3
2015,12,4,9,26,43,20.1,23.0
2011,3,21,16,3,10,37.5,27.6
2020,7,17,7,11,33,35.5,27.4
2020,4,27,8,51,47,45.0,30.1
2017,10,11,13,17,17,40.1,28.6
2011,11,8,21,4,32,36.1,27.5
2013,2,12,5,49,14,136.0,42.7
2020,10,12,17,36,49,122.5,41.4
2011,2,21,3,47,6,169.5,46.1
2016,4,17,12,32,6,101.2,38.6
2020,11,20,10,2,19,175.2,46.7
2017,12,17,5,30,53,122.9,41.6
2015,3,14,15,52,56,130.8,42.4
2017,4,25,7,11,19,295.9,55.3
2020,12,13,22,7,47,363.4,59.3
2020,11,6,23,5,18,352.6,58.6
2016,11,5,15,11,36,280.3,54.2
2019,3,18,5,49,7,502.4,66.0
2010,5,28,3,53,2,1112.4,85.6
2020,11,8,23,4,38,959.5,81.6
2012,12,2,16,10,34,978.6,82.1
2011,8,22,14,17,38,1017.6,83.2
2013,6,5,0,57,19,1049.2,84.0
2013,2,24,19,46,29,1303.6,90.2
2012,11,9,19,57,52,1030.8,83.5
2015,11,3,10,25,32,996.8,82.6
2010,7,26,5,32,53,867.1,78.9
2013,4,5,5,5,54,901.9,79.9
2020,5,6,20,40,2,756.6,75.4
2020,7,27,1,8,7,396.6,60.9
2016,7,11,3,35,55,567.4,68.5
2017,11,2,18,34,51,453.9,63.8
2013,11,1,5,13,30,1595.7,96.4
2012,5,26,14,26,14,1762.6,99.6
2017,9,27,1,10,50,1287.7,89.9
2015,7,11,23,17,35,1258.5,89.2
2016,7,8,18,29,38,1360.8,91.5
2015,1,10,15,46,58,1054.9,84.1
2019,7,2,13,39,20,1090.0,85.1
2014,5,25,4,22,8,847.3,78.3
2016,12,16,5,9,5,683.4,72.9
2015,10,26,4,23,9,645.4,71.6
2016,3,26,21,49,44,671.3,72.4
2017,6,3,14,52,24,496.5,65.5
2013,11,3,8,33,0,257.0,52.7
2012,10,18,15,34,6,278.5,54.2
2016,10,24,21,8,18,207.9,49.1
2013,8,11,5,23,52,180.1,47.0
2019,12,3,16,30,20,123.7,41.5
2010,10,14,11,52,50,83.5,36.2
2020,11,13,17,29,17,72.7,35.1
2018,9,27,20,47,32,87.1,36.9
2014,2,22,18,39,7,112.5,40.0
2016,2,4,14,56,48,123.6,41.3
2013,6,8,15,51,2,59.9,32.9
2017,10,1,23,41,22,78.1,35.4
2010,10,6,18,48,51,37.5,27.6
2014,11,18,13,4,12,44.7,29.3
2019,4,23,5,3,38,21.3,23.5
2019,9,17,7,17,17,31.4,26.9
2018,8,19,19,46,7,62.0,33.0
2019,9,15,4,23,46,46.5,30.2
2013,2,14,14,49,54,4.3,12.4
2012,8,20,20,47,52,13.9,20.8
2011,4,19,12,13,48,6.3,15.3
2015,1,10,6,54,21,11.5,19.2
2014,6,5,16,36,30,11.1,18.5
2011,4,6,23,32,22,4.0,14.8
2011,4,21,7,49,37,5.7,14.0
2018,1,20,23,15,33,0.5,4.0
2011,6,6,22,33,20,17.0,21.6
2015,3,19,3,12,59,10.8,17.8
2017,9,23,5,9,25,0.9,9.0
2012,10,11,12,11,23,11.2,19.5
2015,8,28,14,17,47,11.0,17.8
2020,5,16,2,13,13,3.7,14.1
2011,5,6,20,59,9,1.0,1.7
2019,3,10,22,28,1,0.2,5.4
2019,10,7,15,35,1,-0.7,0.3
2012,5,18,18,21,44,13.4,19.3
2013,12,19,8,43,2,4.1,11.6
2012,10,6,4,11,50,1.3,10.6
2010,6,26,19,27,5,-1.1,1.1
2012,6,4,5,3,57,2.1,7.5
2016,6,8,21,45,43,1.1,1.5
2018,10,21,17,9,23,10.9,18.5
2018,9,22,23,16,8,4.5,15.0
2019,6,26,5,2,43,-1.3,0.6
2013,1,15,23,5,59,2.2,5.7
2010,4,18,23,28,53,1.6,7.9
2013,8,21,0,33,52,56.8,32.1
2017,11,17,21,5,33,58.7,32.1
2018,7,3,18,23,43,61.4,33.2
2014,2,28,18,21,16,1759.7,99.6
2012,2,8,10,35,5,1705.2,98.6
2020,11,21,2,49,55,1433.4,93.1
2018,12,23,0,12,16,1554.4,95.6
2010,11,3,11,34,48,1378.7,91.9
2020,9,4,15,54,8,1394.1,92.3
2017,10,7,20,4,9,1453.7,93.5
2020,9,15,15,52,4,1277.9,89.6
2011,11,22,6,27,41,1034.3,83.5
2019,6,10,3,51,27,805.3,77.0
2018,10,11,10,0,40,909.2,80.1
2013,2,8,6,14,32,825.1,77.6
2020,10,9,9,9,13,457.6,63.9
2014,9,27,11,53,35,500.7,65.7
2016,8,26,16,45,1,494.8,65.5
2016,11,19,2,35,8,372.8,59.6
2019,1,2,16,23,28,230.2,51.0
2012,11,21,7,21,13,171.2,46.3
2013,7,23,14,7,54,276.7,54.1
2017,5,23,3,12,50,217.5,49.9
2010,7,13,2,17,58,266.0,53.4
2013,4,16,10,4,12,213.3,49.7
2017,8,5,18,48,5,281.6,54.4
2019,12,15,5,14,44,212.0,49.6
2013,6,2,7,38,19,210.5,49.5
2011,11,19,5,18,47,409.6,61.6
2013,10,16,17,1,11,304.8,55.9
2020,2,16,5,27,5,394.1,60.9
2010,1,20,15,48,38,408.1,61.4
2019,11,12,14,0,46,439.0,63.0
2020,5,16,15,21,52,546.1,67.7
2020,2,21,17,35,59,202.0,48.8
2014,3,6,13,25,57,176.5,46.5
2012,11,26,5,17,45,155.3,44.8
2019,1,23,5,31,43,41.3,28.6
2014,11,8,5,37,4,267.1,53.6
2019,4,24,19,37,20,254.9,52.7
2018,8,24,16,32,19,56.1,32.1
2020,1,11,22,52,24,84.8,36.5
2019,5,9,15,3,55,50.9,30.9
2012,5,6,21,30,39,59.3,32.4
2019,6,4,21,48,6,78.2,35.4
2018,7,18,6,15,28,57.8,32.5
2019,12,16,20,33,45,151.4,44.5
2014,12,6,7,7,47,97.1,38.5
2018,12,6,4,24,23,188.3,47.8
2019,3,19,1,48,49,89.3,37.1
2017,8,2,8,33,27,71.0,34.6
2011,11,28,23,9,7,53.5,31.7
2019,4,5,7,19,0,22.8,23.5
2017,4,18,23,46,1,19.3,22.5
2018,4,7,6,30,42,53.6,31.5
2016,1,28,23,9,28,31.7,26.1
2010,10,4,3,50,53,43.3,29.3
2020,12,3,21,28,54,69.4,34.0
2013,5,15,12,24,2,56.0,31.8
2017,1,25,18,9,23,140.6,43.3
2013,1,5,4,45,34,125.9,41.6
2010,11,1,12,15,8,77.7,35.7
2011,12,19,3,7,49,100.3,38.8
2018,1,16,7,37,49,158.9,45.2
2011,11,23,21,26,14,196.2,48.4
2015,4,14,11,22,16,232.8,51.1
2017,9,11,8,59,16,225.2,50.5
2012,2,9,16,29,49,297.9,55.5
2016,6,13,2,27,27,515.5,66.4
2017,8,28,1,2,29,646.7,71.6
2011,4,28,21,2,16,789.1,76.4
2011,3,5,14,39,2,1265.7,89.3
2016,8,27,9,20,48,1131.7,86.1
2012,7,11,19,9,10,1193.5,87.6
2010,1,5,11,12,17,1259.9,89.2
2012,9,27,11,49,41,1169.4,87.1
2019,8,6,7,41,1,782.8,76.2
2016,11,20,20,17,53,838.0,77.9
2020,4,5,11,59,53,1052.7,84.1
2019,5,1,22,38,1,732.2,74.6
2020,12,8,15,45,19,894.8,79.6
2020,12,16,14,4,34,356.1,58.8
2015,8,26,11,12,20,464.6,64.1
2014,9,9,10,9,3,530.3,67.1
2020,11,6,18,45,3,1726.0,98.9
2017,3,19,17,4,49,1683.1,98.2
2015,4,23,21,59,44,1742.7,99.3
2011,3,5,18,59,9,1334.2,91.0
2015,10,23,20,15,30,1263.1,89.3
2013,12,15,16,56,46,1368.7,91.7
2014,3,12,9,29,40,1149.3,86.5
2020,12,22,17,55,13,863.5,78.8
2011,5,12,20,50,5,933.0,80.8
2018,6,12,13,49,20,683.6,73.0
2010,6,27,15,43,16,595.2,69.7
2020,8,1,9,39,13,370.7,59.7
2015,5,4,8,29,35,335.4,57.6
2012,11,7,1,2,26,172.3,46.3
2017,11,14,10,12,6,238.2,51.5
2012,5,12,22,36,27,174.2,46.6
2019,4,1,11,45,56,97.2,38.4
2010,8,7,6,51,6,169.0,45.9
2017,6,1,15,31,40,103.8,39.1
2017,5,6,3,34,34,59.2,32.8
2019,1,23,23,18,9,98.0,38.4
2020,1,25,18,36,32,139.7,43.1
2020,3,12,18,34,8,64.0,33.3
2020,3,23,21,56,1,32.0,26.6
2018,12,6,1,37,41,18.5,22.9
2013,5,22,13,2,3,34.4,27.3
2020,6,25,22,36,40,17.7,22.0
2010,6,21,19,23,13,13.3,20.0
2013,10,20,12,27,26,12.3,18.9
2017,3,8,23,54,17,13.0,20.4
2011,2,4,18,17,59,11.2,18.6
2015,8,3,14,17,21,6.9,16.4
2012,2,15,21,50,49,9.4,18.7
2010,5,17,3,22,22,5.4,15.8
2011,6,18,9,8,23,24.0,23.8
2012,10,16,12,5,51,11.5,19.0
2015,9,5,10,44,35,3.5,14.5
2014,12,16,21,44,21,4.2,13.6
2015,11,5,0,50,33,6.6,17.1
2018,4,14,2,27,27,5.0,13.9
2011,7,2,6,35,3,3.4,11.4
2013,10,23,10,27,25,11.2,18.1
2017,10,11,14,55,29,1.5,10.5
2020,11,5,13,8,24,3.9,13.5
2018,2,5,17,46,33,-0.1,9.6
2016,9,20,1,28,48,3.2,9.3
2013,6,28,18,48,15,-0.3,6.0
2011,10,5,8,41,32,3.5,12.0
2013,1,10,0,56,10,7.5,15.5
2012,8,19,22,25,42,7.7,15.3
2018,2,2,12,58,15,-1.1,5.2
2016,4,17,3,42,16,4.0,13.3
2015,9,12,1,16,52,3.6,13.5
2019,1,3,9,52,28,-0.2,5.3
2019,2,23,9,24,23,5.8,16.2
2019,5,17,17,48,58,2.1,8.7
2016,7,2,15,19,1,1.4,12.3
2012,12,3,12,43,3,1.8,0.2
2010,8,15,23,21,16,11.2,19.6
2011,1,22,4,14,20,30.5,26.1
2013,8,7,11,34,36,90.0,37.1
2020,8,9,20,44,40,1255.1,89.1
2010,4,11,0,14,57,1596.9,96.5
2019,9,6,1,40,59,1277.0,89.6
