fecha,matricula,puerto,captura,2,2.5,3,3.5,4,4.5,5,5.5,6,6.5,7,7.5,8,8.5,9,9.5,10,10.5,11,11.5,12,12.5,13,13.5,14,14.5,15,15.5,16,16.5,17,17.5,18,18.5,19,19.5,20
08/03/2018,CE-41285-CM,Las Delicias,2,0,0,0,0,0,0,0,0,0,0,0,0,0,0,0,0,0,0,1,13,44,24,9,1,0,0,0,0,0,0,0,0,0,0,0,0,0
08/03/2018,CO-2623-BM,Punta Sal,6,0,0,0,0,0,0,0,0,0,0,0,0,0,0,0,0,0,0,0,0,3,21,38,55,16,0,0,0,0,0,0,0,0,0,0,0,0
09/03/2018,PS-6513-BM,Zorritos,1,0,0,0,0,0,0,0,0,0,0,0,0,0,0,0,0,0,0,0,2,2,4,15,29,29,33,29,25,9,2,0,0,0,0,0,0,0
13/03/2018,TA-37605-BM,Coishco,3,0,0,0,0,1,0,3,0,1,0,1,1,2,1,0,1,1,5,5,0,1,3,1,3,2,3,3,4,4,1,2,1,0,2,3,2,0
16/03/2018,CO-21070-BM,Las Delicias,5,0,0,0,0,1,1,0,1,1,2,3,2,0,3,4,4,2,3,2,4,3,2,2,1,3,0,1,3,2,6,1,5,4,2,0,0,0
18/03/2018,PL-4445-CM,Paita,43,0,0,0,0,0,0,0,0,0,0,0,0,0,0,0,2,10,53,80,41,10,3,0,0,0,0,0,0,0,0,0,0,0,0,0,0,0
19/03/2018,CE-22343-CM,Juan Pablo,16,0,0,0,0,0,0,0,0,0,0,0,0,0,0,1,0,3,2,17,18,29,29,35,29,29,8,7,1,0,0,0,0,0,0,0,0,0
19/03/2018,CE-4115-BM,Chancay,1,0,0,0,0,0,0,0,0,0,0,0,0,0,0,0,0,0,0,0,0,0,10,92,76,5,0,0,0,0,0,0,0,0,0,0,0,0
20/03/2018,PO-15244-BM,Végueta,3,0,0,0,0,0,0,0,0,0,0,0,0,0,0,0,0,0,0,0,0,0,0,0,1,6,38,33,11,2,0,0,0,0,0,0,0,0
21/03/2018,CO-23437-CM,San Andres,11,0,0,0,0,0,0,0,0,0,0,0,0,0,0,1,3,6,11,16,32,32,18,15,12,2,0,2,0,1,1,0,0,0,0,0,0,0
22/03/2018,HO-1209-BM,Puerto Pizarro,7,0,0,0,0,0,0,0,0,0,0,0,0,0,0,0,0,0,1,4,3,4,10,11,10,6,4,11,3,1,2,1,0,0,0,0,0,0
24/03/2018,IO-21995-BM,Cabo Blanco,2,0,0,0,0,0,0,0,0,0,0,0,0,0,0,0,0,0,0,0,0,0,0,0,0,68,66,0,0,0,0,0,0,0,0,0,0,0
25/03/2018,PL-21228-CM,Samanco,3,0,0,0,0,0,0,0,0,0,1,0,1,1,4,2,4,4,8,4,4,5,8,4,1,6,3,4,1,3,0,0,0,0,0,0,0,0
25/03/2018,PL-18705-PM,Samanco,49,0,0,0,0,0,0,0,0,0,0,1,2,3,5,6,11,23,15,7,19,16,20,20,4,9,9,2,0,0,0,0,0,0,0,0,0,0
25/03/2018,PS-1640-BM,Cancas,1,0,0,0,0,0,0,0,0,0,0,0,1,2,5,12,30,53,44,27,13,7,3,1,0,0,0,0,0,0,0,0,0,0,0,0,0,0
27/03/2018,CO-31445-CM,Tierra colorada,1,0,0,0,0,0,0,0,0,0,0,0,0,0,0,0,0,2,6,32,42,31,3,0,0,0,0,0,0,0,0,0,0,0,0,0,0,0
28/03/2018,IO-23306-BM,Supe,4,0,0,0,1,0,1,1,5,1,2,8,3,6,3,5,7,1,7,6,6,9,6,3,4,3,5,1,2,8,4,3,3,4,2,2,1,0
28/03/2018,PL-43803-BM,Supe,1,0,0,0,0,0,0,0,0,0,0,0,0,0,0,0,1,3,5,9,7,11,11,24,19,22,14,15,27,16,1,7,6,3,3,0,0,0
29/03/2018,CO-022067-BM,Pucusana,14,0,0,0,0,0,0,0,0,0,0,0,0,0,0,0,0,0,2,0,5,9,9,14,6,10,13,11,8,5,3,2,0,1,0,0,0,0
29/03/2018,PL-41884-BM,Pucusana,4,0,0,0,0,0,0,0,0,0,0,0,0,0,1,0,0,1,1,5,2,10,8,10,7,11,16,10,6,2,6,1,3,0,0,1,0,0
30/03/2018,PS-0588-BM,Chancay,3,0,0,0,0,0,0,0,0,0,0,0,0,0,0,0,0,0,0,0,1,6,8,19,46,29,27,24,4,2,1,0,0,0,0,0,0,0
03/04/2018,ZS-21230-BM,Pisco,1,0,0,0,0,0,0,0,0,0,0,0,0,0,0,0,0,0,0,0,0,92,154,3,0,0,0,0,0,0,0,0,0,0,0,0,0,0
03/04/2018,PL-35918-BM,Talara,3,0,1,1,2,0,0,1,1,0,2,5,2,1,1,1,2,4,4,9,6,7,10,3,5,2,1,6,6,3,6,4,6,1,5,1,7,0
04/04/2018,PS-1671-BM,Yacila,2,0,0,0,0,0,0,0,0,0,0,0,0,0,0,1,5,9,23,22,23,12,7,3,0,0,0,0,0,0,0,0,0,0,0,0,0,0
04/04/2018,CE-13277-BM,Tortugas,4,0,0,0,0,0,2,1,1,0,2,0,3,2,1,4,1,1,3,4,2,2,6,6,2,4,1,2,2,1,2,4,3,3,2,0,4,0
05/04/2018,PT-14032-CM,Parachique,41,0,0,0,0,0,0,0,0,0,0,0,0,0,0,1,0,2,2,0,4,13,7,11,16,14,16,12,20,6,8,2,4,2,2,0,0,0
05/04/2018,CE-36430-CM,Pucusana,2,1,1,1,2,1,2,1,1,3,5,5,1,4,3,7,4,3,4,5,8,6,4,11,7,5,4,5,5,6,2,4,5,5,4,4,6,0
05/04/2018,IO-31310-BM,Callao,3,0,0,0,0,0,0,0,0,0,0,0,0,0,0,0,0,0,0,0,1,5,11,18,32,15,20,13,4,5,0,0,0,0,0,0,0,0
05/04/2018,IO-28453-BM,Eten,1,0,0,0,0,0,0,0,0,0,0,0,0,1,5,8,5,5,7,13,20,18,6,5,4,3,2,0,0,0,0,0,0,0,0,0,0,0
06/04/2018,PL-28584-CM,San Jose,18,0,0,0,0,0,0,0,0,0,0,0,0,0,0,0,0,0,0,2,0,5,5,12,11,13,11,11,10,5,1,0,0,0,0,0,0,0
07/04/2018,PT-34738-BM,Salaverry,3,0,0,0,0,0,0,0,0,0,0,0,0,1,0,0,4,19,32,39,17,13,3,1,0,0,0,0,0,0,0,0,0,0,0,0,0,0
09/04/2018,CO-1457-CM,Supe,15,0,0,0,0,0,0,0,0,0,0,0,0,0,0,0,0,3,2,13,20,34,32,22,29,10,5,4,0,0,0,0,0,0,0,0,0,0
10/04/2018,PL-18662-BM,Chimbote,29,0,0,0,0,0,0,0,0,0,0,0,0,0,0,0,0,0,3,0,8,19,22,17,24,33,8,6,1,0,0,0,0,0,0,0,0,0
11/04/2018,PL-2127-BM,Huarmey,5,0,0,0,0,0,0,0,0,0,0,0,0,0,0,0,0,0,0,0,0,1,4,13,18,48,34,27,9,3,0,0,0,0,0,0,0,0
11/04/2018,CO-10831-CM,Tortugas,25,0,0,0,0,0,0,0,0,0,0,0,0,0,0,0,0,0,0,0,0,0,0,9,36,51,21,1,0,0,0,0,0,0,0,0,0,0
11/04/2018,PT-38015-CM,Máncora,6,0,0,0,0,0,0,0,0,0,0,0,0,0,0,0,0,4,20,47,23,2,0,0,0,0,0,0,0,0,0,0,0,0,0,0,0,0
12/04/2018,HO-35189-PM,Tambo de Mora,178,0,0,0,0,0,0,0,0,0,0,0,0,0,1,3,1,6,16,19,24,13,21,11,7,7,3,1,2,0,0,0,0,0,0,0,0,0
12/04/2018,ZS-022046-BM,San Andres,1,0,0,0,0,0,0,0,0,0,0,0,0,0,0,0,0,0,0,1,0,3,12,28,37,20,10,2,0,0,0,0,0,0,0,0,0,0
13/04/2018,CO-20286-PM,Santa Rosa,371,0,0,0,0,0,0,0,0,0,0,0,0,0,0,0,0,0,0,0,2,3,8,18,28,33,21,6,3,0,0,0,0,0,0,0,0,0
13/04/2018,CE-41637-CM,Bahía Salinas,6,0,0,0,0,0,0,0,0,0,0,0,0,0,0,0,0,0,0,0,0,0,0,0,40,110,10,0,0,0,0,0,0,0,0,0,0,0
15/04/2018,TA-29129-BM,Las Delicias,1,0,0,0,0,0,0,0,0,0,0,0,0,0,0,0,0,0,0,0,57,119,5,0,0,0,0,0,0,0,0,0,0,0,0,0,0,0
16/04/2018,CE-17386-BM,Eten,2,0,0,0,0,0,0,0,0,0,0,0,0,0,0,0,0,0,0,0,0,1,10,14,31,33,26,26,18,11,1,1,0,0,0,0,0,0
17/04/2018,PT-26342-BM,Bayóvar,4,0,0,0,0,0,0,0,0,0,0,0,1,0,0,1,3,2,1,8,10,13,16,17,22,12,15,10,6,6,4,2,0,0,0,0,0,0
17/04/2018,PS-0616-BM,Cabo Blanco,2,0,0,0,0,0,0,0,0,0,0,0,0,1,2,1,4,2,8,11,14,15,15,17,18,18,14,13,9,3,4,1,1,0,0,1,0,0
18/04/2018,CO-28977-CM,Callao,14,0,0,0,0,0,0,0,0,0,0,0,0,0,0,0,0,1,2,5,25,54,51,35,19,4,0,0,0,0,0,0,0,0,0,0,0,0
18/04/2018,ZS-1977-BM,Puerto Pizarro,4,0,0,0,0,0,0,0,0,0,0,0,0,1,0,4,3,11,18,14,19,11,11,3,2,0,0,0,0,0,0,0,0,0,0,0,0,0
20/04/2018,CO-10407-CM,Cerro Azul,44,0,0,0,0,0,0,0,0,0,0,0,0,0,0,0,0,0,0,1,3,4,7,10,17,41,29,35,24,19,10,9,2,2,3,0,0,0
21/04/2018,PT-5388-BM,Cabo Blanco,2,0,0,0,0,0,0,0,0,0,0,0,0,0,0,0,0,0,38,133,0,0,0,0,0,0,0,0,0,0,0,0,0,0,0,0,0,0
22/04/2018,TA-30868-BM,Huacho,3,0,0,0,0,0,0,0,0,0,0,0,0,0,0,0,0,0,3,13,10,28,20,11,4,0,0,0,0,0,0,0,0,0,0,0,0,0
22/04/2018,PL-33383-BM,Máncora,3,0,0,0,0,0,0,0,0,0,0,0,0,0,0,0,0,0,0,2,12,61,62,34,6,0,0,0,0,0,0,0,0,0,0,0,0,0
23/04/2018,PL-29210-CM,Bayóvar,5,0,0,0,0,0,0,0,0,0,0,0,0,0,0,0,0,5,19,23,18,5,0,0,0,0,0,0,0,0,0,0,0,0,0,0,0,0
23/04/2018,IO-29558-BM,Chorrillos,3,0,0,0,0,0,0,0,0,0,0,0,0,0,0,0,0,2,1,6,10,6,24,14,20,21,29,19,9,19,9,7,2,1,0,0,0,0
24/04/2018,CO-16017-CM,Callao,23,0,0,0,0,0,0,0,0,0,0,0,0,0,3,3,4,9,5,17,4,5,5,2,0,0,0,0,0,0,0,0,0,0,0,0,0,0
24/04/2018,CE-21204-CM,Lobitos,1,1,0,1,1,1,3,0,1,1,4,4,4,3,3,4,3,6,3,4,5,1,10,3,7,9,3,7,9,2,4,7,3,4,5,5,4,0
24/04/2018,ZS-9980-BM,Culebras,1,0,0,0,0,0,0,0,0,0,0,0,0,0,0,0,0,0,0,2,5,24,55,58,34,6,0,0,0,0,0,0,0,0,0,0,0,0
24/04/2018,IO-29587-BM,Végueta,3,0,0,0,0,0,0,0,0,0,0,0,0,0,0,0,0,0,0,9,37,43,37,10,0,0,0,0,0,0,0,0,0,0,0,0,0,0
26/04/2018,IO-1104-BM,Pacasmayo,1,0,0,0,2,2,2,0,3,0,3,3,3,2,3,2,4,9,9,2,3,4,4,6,1,3,5,2,4,3,2,2,2,3,4,3,3,0
26/04/2018,PS-1633-BM,Chicama (Malabrigo),4,0,0,1,2,4,0,3,4,1,2,4,2,6,3,4,7,7,8,5,3,10,8,3,6,7,10,4,6,6,5,8,6,2,7,6,1,0
26/04/2018,IO-29194-BM,Punta La Negra,4,0,0,0,0,0,0,0,0,0,0,0,0,0,0,0,0,0,1,0,8,16,15,15,10,9,0,0,1,0,0,0,0,0,0,0,0,0
28/04/2018,CE-41085-CM,Salaverry,1,0,0,0,0,0,0,0,0,0,0,0,0,0,0,0,1,2,0,2,9,11,11,13,19,16,11,12,6,2,3,0,0,0,0,0,0,0
28/04/2018,CE-2822-PM,Ancón,20,1,1,0,0,0,2,1,0,6,4,4,1,1,3,5,2,6,7,5,7,7,8,2,7,3,8,1,5,2,5,1,1,3,4,3,3,0
29/04/2018,CO-28619-CM,Pisco,7,0,0,0,0,0,0,0,0,0,0,0,0,1,2,8,1,8,10,8,14,17,10,12,3,7,2,3,2,0,1,0,0,0,0,0,0,0
30/04/2018,CO-20682-BM,Las Delicias,1,0,0,0,0,0,0,0,0,0,0,0,2,6,8,16,26,40,29,40,28,12,10,1,0,0,0,0,0,0,0,0,0,0,0,0,0,0
30/04/2018,ZS-25085-BM,Puerto Rico,10,0,0,0,0,0,0,0,0,0,0,0,0,0,0,0,2,1,2,3,10,11,13,15,16,19,12,14,10,5,8,1,0,1,0,0,0,0
30/04/2018,PT-21113-CM,Talara,21,0,0,0,0,0,0,0,0,0,0,0,0,0,0,0,0,5,43,107,82,7,0,0,0,0,0,0,0,0,0,0,0,0,0,0,0,0
02/05/2018,TA-31650-BM,Coishco,4,0,0,0,0,0,0,0,0,0,0,0,0,0,2,7,13,12,14,16,10,2,2,1,0,0,0,0,0,0,0,0,0,0,0,0,0,0
04/05/2018,PT-3901-CM,Casma,32,0,0,0,0,0,0,0,0,0,0,0,0,0,0,0,0,0,0,0,0,0,0,0,3,46,30,3,0,0,0,0,0,0,0,0,0,0
04/05/2018,PS-0843-BM,Puerto Rico,1,0,0,0,0,0,0,0,0,0,0,0,0,0,0,0,0,0,0,0,1,4,11,14,41,45,29,38,11,10,5,1,0,0,0,0,0,0
05/05/2018,TA-35245-BM,Parachique,9,0,0,0,0,0,0,0,0,0,0,0,0,0,0,0,0,0,1,1,1,2,3,4,6,8,6,5,7,7,2,1,2,0,0,0,1,0
05/05/2018,ZS-1967-BM,Lobitos,6,0,0,0,0,0,0,0,0,0,0,0,0,0,0,0,0,0,3,6,44,56,55,22,3,0,0,0,0,0,0,0,0,0,0,0,0,0
06/05/2018,IO-5856-BM,Callao,4,0,0,0,0,0,0,0,0,0,0,0,0,0,0,0,0,0,0,0,0,0,0,0,0,37,110,0,0,0,0,0,0,0,0,0,0,0
07/05/2018,TA-36875-BM,Puerto Rico,3,0,0,0,0,0,0,0,0,0,0,0,0,0,0,3,3,3,4,12,12,12,11,4,1,1,1,1,0,0,0,0,0,0,0,0,0,0
08/05/2018,PS-0505-BM,Salaverry,3,0,0,0,0,0,0,0,0,0,0,0,0,0,0,0,7,10,14,20,28,35,35,28,21,18,9,4,1,1,0,0,0,0,0,0,0,0
09/05/2018,PL-1519-BM,Tambo de Mora,11,0,0,0,0,0,0,0,0,0,0,0,0,0,0,0,0,0,5,2,13,19,36,18,14,12,5,1,0,0,0,0,0,0,0,0,0,0
10/05/2018,PL-29277-BM,Huanchaco,1,0,0,0,1,1,1,1,0,2,3,1,6,7,6,5,6,2,4,6,4,1,5,6,1,3,5,6,10,8,6,1,4,4,3,6,2,0
10/05/2018,CO-21429-PM,Casma,27,0,0,1,1,1,2,1,2,3,7,2,4,4,8,4,4,4,6,2,7,1,6,7,3,5,5,4,7,4,6,4,5,3,5,4,2,0
10/05/2018,TA-36402-BM,Ancón,5,0,0,0,0,0,0,0,0,0,0,0,0,0,0,0,0,8,60,126,44,0,0,0,0,0,0,0,0,0,0,0,0,0,0,0,0,0
11/05/2018,SY-31048-BM,Zorritos,3,0,0,0,1,1,4,2,2,2,1,0,5,4,5,6,6,9,6,5,7,7,5,11,8,9,7,1,8,5,3,5,4,4,4,3,1,0
13/05/2018,ZS-26374-BM,Puerto Viejo,1,0,0,0,0,0,0,0,0,0,0,0,0,0,0,0,0,0,0,0,0,0,0,0,0,42,44,0,0,0,0,0,0,0,0,0,0,0
14/05/2018,PT-23916-BM,Parachique,6,0,0,0,0,0,0,0,0,0,0,0,0,0,0,0,0,0,0,0,0,0,0,0,0,50,108,22,1,0,0,0,0,0,0,0,0,0
15/05/2018,PS-0678-BM,Tortugas,2,0,0,0,0,0,0,0,0,0,0,0,0,0,0,0,0,0,0,0,0,3,34,69,17,0,0,0,0,0,0,0,0,0,0,0,0,0
16/05/2018,PT-27120-CM,Bahía Salinas,29,0,0,0,0,0,0,0,0,0,0,0,0,0,0,0,1,23,33,19,1,0,0,0,0,0,0,0,0,0,0,0,0,0,0,0,0,0
16/05/2018,CO-4537-PM,Puerto Pizarro,42,0,0,0,0,0,0,0,0,0,0,0,0,0,0,0,0,0,0,0,0,5,18,30,36,39,18,8,3,0,0,0,0,0,0,0,0,0
17/05/2018,ZS-18265-BM,Bayóvar,9,0,0,0,0,0,0,0,0,0,0,0,0,0,0,0,5,8,9,3,10,21,15,11,7,0,2,1,0,0,0,0,0,0,0,0,0,0
18/05/2018,PT-3459-BM,Puerto Viejo,3,0,1,0,0,1,3,1,2,1,0,3,4,7,11,6,9,6,9,2,6,4,3,3,5,5,4,3,7,6,4,4,4,3,7,4,5,0
19/05/2018,ZS-17876-BM,Punta Sal,3,0,0,0,0,0,0,0,0,0,0,0,0,0,0,0,0,0,0,0,0,0,0,0,19,170,3,0,0,0,0,0,0,0,0,0,0,0
20/05/2018,HO-21110-PM,Samanco,17,0,0,0,0,0,0,0,0,0,0,0,0,0,0,0,0,0,0,0,1,3,5,6,8,6,9,4,2,6,4,0,1,0,0,0,0,0
20/05/2018,PL-28984-CM,Bujuma,10,0,0,0,0,0,0,0,0,0,0,0,0,0,0,0,1,6,40,38,12,0,0,0,0,0,0,0,0,0,0,0,0,0,0,0,0,0
20/05/2018,PL-27130-BM,Pimentel,2,0,0,0,0,0,0,0,0,0,0,0,1,3,2,8,11,23,43,36,35,18,15,12,10,1,1,0,0,0,0,0,0,0,0,0,0,0
21/05/2018,SY-24126-BM,Huacho,1,0,0,0,0,0,0,0,0,0,0,0,0,0,0,0,0,0,0,0,0,0,0,0,1,26,87,73,21,1,0,0,0,0,0,0,0,0
23/05/2018,PL-29569-CM,Carquín,3,0,0,0,0,0,0,0,0,0,0,0,0,0,0,0,0,0,0,0,0,0,0,0,0,137,3,0,0,0,0,0,0,0,0,0,0,0
24/05/2018,MO-0880-BM,Los Ferroles,1,0,0,0,0,0,0,0,0,0,0,0,0,0,0,0,0,0,0,0,2,3,7,14,11,18,8,15,9,4,0,1,0,0,0,0,0,0
24/05/2018,AO-6062-BM,Tambo de Mora,1,0,0,0,0,0,0,0,0,0,0,0,0,0,0,0,0,6,102,58,1,0,0,0,0,0,0,0,0,0,0,0,0,0,0,0,0,0
26/05/2018,MO-6143-PM,Bujuma,240,0,0,0,0,0,0,0,0,0,0,0,0,0,0,0,0,0,0,0,2,2,2,9,24,44,50,45,25,10,4,1,0,0,0,0,0,0
26/05/2018,MO-0827-PM,Tortugas,144,0,1,1,1,2,1,1,1,2,2,1,4,1,2,4,2,5,6,4,3,3,5,4,6,1,1,3,6,0,1,6,3,2,5,0,4,0
27/05/2018,CO-29823-CM,Pacasmayo,16,0,2,2,2,1,0,3,0,0,3,3,3,1,1,4,3,5,1,3,1,6,7,2,5,2,3,5,2,5,3,6,3,2,3,3,4,0
28/05/2018,IO-1095-PM,Bahía Independencia,155,0,0,0,0,2,1,2,1,4,1,1,2,1,3,2,2,1,6,1,5,2,2,5,2,3,3,4,4,3,4,4,2,2,1,2,4,0
29/05/2018,CE-19889-CM,Bayóvar,29,0,0,0,0,0,0,0,0,0,0,0,0,0,0,0,0,0,1,2,1,20,22,41,34,49,26,20,10,3,2,0,0,0,0,0,0,0
29/05/2018,HO-20774-CM,Salaverry,24,0,0,0,0,0,0,0,0,0,0,0,0,1,0,2,7,11,16,19,23,16,9,9,2,0,0,0,0,0,0,0,0,0,0,0,0,0
29/05/2018,CE-22112-CM,Chimbote,10,0,0,0,0,0,0,0,0,0,0,0,0,0,0,2,8,40,31,47,26,7,0,0,0,0,0,0,0,0,0,0,0,0,0,0,0,0
29/05/2018,PT-03301-BM,Samanco,30,0,0,0,0,0,0,0,0,0,0,0,0,0,0,0,0,1,6,9,6,12,21,28,20,33,22,18,10,4,6,2,0,0,0,0,0,0
29/05/2018,PL-42786-BM,Supe,1,0,0,0,0,0,0,0,0,0,0,0,0,0,0,1,1,2,4,12,13,14,19,21,18,21,19,14,7,8,2,2,0,0,1,0,0,0
30/05/2018,ZS-2003-BM,Bayóvar,1,0,0,0,0,0,0,0,0,0,1,3,1,5,9,9,15,12,9,10,4,8,1,3,4,1,1,0,0,0,0,0,0,0,0,0,0,0
31/05/2018,IO-38715-BM,Chancay,2,0,0,0,0,0,0,0,0,0,0,0,0,0,0,1,0,2,0,1,5,3,9,9,8,5,2,5,3,6,0,3,1,0,0,0,0,0
31/05/2018,PT-5024-BM,San Andres,2,0,0,0,0,0,0,0,0,0,0,0,0,0,0,0,0,2,2,13,34,15,12,3,2,0,0,0,0,0,0,0,0,0,0,0,0,0
31/05/2018,PS-1638-BM,Chicama (Malabrigo),3,0,0,0,0,0,0,0,0,0,0,0,0,0,0,0,0,0,0,0,0,1,5,6,12,14,5,8,5,6,2,1,1,0,0,0,0,0
01/06/2018,CO-10613-PM,Lobitos,220,0,0,0,0,0,0,0,0,0,0,0,0,0,0,0,0,0,0,0,0,0,1,94,43,0,0,0,0,0,0,0,0,0,0,0,0,0
01/06/2018,ZS-0010-BM,Tierra colorada,1,0,0,0,0,0,0,0,0,0,0,0,0,0,0,0,0,0,0,0,0,0,0,0,0,9,83,29,0,0,0,0,0,0,0,0,0,0
02/06/2018,ZS-19508-BM,Pucusana,4,0,0,0,0,0,0,0,0,0,0,0,0,0,0,0,0,0,0,0,0,0,0,0,3,90,34,0,0,0,0,0,0,0,0,0,0,0
02/06/2018,PS-20039-BM,San Jose,1,0,0,0,0,0,0,0,0,0,0,0,0,0,0,0,0,0,0,0,0,6,26,64,45,16,2,0,0,0,0,0,0,0,0,0,0,0
03/06/2018,PT-35747-BM,Bujuma,1,0,1,0,0,0,2,1,0,0,2,2,3,2,1,2,1,3,4,3,6,3,1,1,2,0,5,1,4,2,1,1,2,3,2,0,4,0
03/06/2018,SY-19913-BM,Puerto Pizarro,3,0,0,0,0,0,0,0,0,0,0,0,0,0,0,0,0,0,0,0,0,0,4,12,19,30,32,39,23,13,5,1,0,0,0,0,0,0
03/06/2018,PL-11429-CM,Bayóvar,59,0,0,0,0,0,0,0,0,0,0,0,0,0,0,2,1,5,6,2,17,12,9,11,6,2,0,0,1,0,1,0,0,0,0,0,0,0
04/06/2018,ZS-11918-BM,Tambo de Mora,4,0,0,0,0,0,0,0,0,0,0,0,1,3,1,3,6,7,10,6,9,12,7,4,8,3,3,4,1,1,0,0,0,0,0,0,0,0
04/06/2018,PT-23260-BM,Huarmey,3,0,0,0,0,0,0,0,0,0,0,0,0,0,0,0,0,0,0,0,0,3,98,65,1,0,0,0,0,0,0,0,0,0,0,0,0,0
04/06/2018,ZS-2802-BM,Santa Rosa,5,0,0,0,0,0,0,0,0,0,0,0,0,0,0,1,2,2,3,10,13,15,18,23,17,12,4,5,3,0,0,0,0,0,0,0,0,0
06/06/2018,PT-02461-PM,Tambo de Mora,228,0,0,0,0,0,0,0,0,0,0,0,0,0,0,1,3,3,16,11,15,24,22,13,13,6,4,1,2,0,0,0,0,0,0,0,0,0
06/06/2018,CE-12514-PM,Végueta,154,0,0,0,0,0,0,0,0,0,0,0,0,0,0,0,1,1,8,22,37,58,44,39,19,10,3,0,0,0,0,0,0,0,0,0,0,0
06/06/2018,HO-1170-BM,Los Ferroles,2,0,0,0,0,0,0,0,0,0,0,0,0,0,0,0,0,0,0,1,2,2,6,4,19,23,14,13,7,2,3,0,0,0,0,0,0,0
06/06/2018,PL-22302-CM,Bahía Salinas,3,0,0,0,0,0,0,0,0,0,0,0,0,0,0,0,0,1,0,1,5,12,19,18,34,28,38,18,14,11,4,1,1,0,0,0,0,0
06/06/2018,CO-41532-PM,Casma,954,0,0,0,0,0,0,0,0,0,0,0,0,0,0,1,1,4,2,5,7,14,12,9,10,12,6,2,2,0,0,1,0,0,0,0,0,0
08/06/2018,ZS-18208-BM,Talara,1,0,0,0,0,1,1,1,1,3,3,2,2,2,6,2,0,1,6,1,5,3,5,4,4,3,2,4,1,1,3,2,0,2,0,2,1,0
10/06/2018,IO-20885-BM,Pisco,8,0,0,0,0,0,0,0,0,0,0,0,0,0,0,0,0,0,0,1,2,3,10,5,19,14,6,2,1,0,0,0,0,0,0,0,0,0
11/06/2018,PS-1654-BM,Bahía Independencia,3,0,0,0,0,0,0,0,0,0,0,0,0,0,1,1,1,4,19,34,60,38,31,11,3,0,0,0,0,0,0,0,0,0,0,0,0,0
11/06/2018,CE-41407-CM,Los Ferroles,5,0,0,0,0,0,0,0,0,0,0,0,0,0,0,0,0,0,34,192,3,0,0,0,0,0,0,0,0,0,0,0,0,0,0,0,0,0
11/06/2018,PL-13776-CM,Los Ferroles,31,0,0,0,0,0,0,0,0,0,1,0,1,2,3,6,4,4,8,10,9,7,4,9,6,5,1,1,1,0,0,0,0,0,0,0,0,0
13/06/2018,SE-20545-BM,Coishco,5,0,0,0,0,0,0,0,0,0,1,1,1,1,4,8,7,9,11,12,10,12,6,9,5,3,3,2,0,0,0,0,0,0,0,0,0,0
15/06/2018,ZS-17135-BM,Bahía Independencia,6,0,0,0,0,0,0,0,0,0,0,0,0,0,0,0,0,0,13,9,40,48,48,15,4,0,0,0,0,0,0,0,0,0,0,0,0,0
16/06/2018,CO-27219-BM,Parachique,7,0,0,0,0,0,0,0,0,0,0,0,0,0,0,0,0,0,0,0,0,0,16,179,16,0,0,0,0,0,0,0,0,0,0,0,0,0
17/06/2018,PL-5982-CM,Lobitos,30,0,0,0,0,0,0,0,0,0,0,0,0,0,0,0,0,0,0,0,0,0,0,3,26,62,39,11,0,0,0,0,0,0,0,0,0,0
19/06/2018,PL-20856-CM,Lobitos,43,0,0,0,0,0,0,0,0,0,0,0,0,0,0,0,2,7,22,51,73,53,18,7,0,0,0,0,0,0,0,0,0,0,0,0,0,0
20/06/2018,PL-25905-BM,Puerto Rico,2,0,0,0,0,0,0,0,0,0,0,0,0,0,0,0,0,0,0,0,0,0,0,18,194,29,0,0,0,0,0,0,0,0,0,0,0,0
21/06/2018,PT-26186-BM,Samanco,1,0,0,0,0,0,0,0,0,0,0,0,0,0,0,0,0,0,0,0,0,0,8,13,14,18,22,16,7,7,0,2,0,0,0,0,0,0
21/06/2018,PS-1669-BM,Huarmey,3,0,0,0,0,0,0,0,0,0,0,0,0,0,0,0,0,0,0,0,0,1,28,94,50,13,1,0,0,0,0,0,0,0,0,0,0,0
21/06/2018,CE-24334-BM,Culebras,2,0,1,3,0,2,1,3,2,4,4,1,5,8,4,4,6,5,5,4,3,9,5,6,2,4,7,4,11,6,7,7,1,5,3,3,2,0
21/06/2018,HO-17055-BM,Huarmey,3,0,0,0,0,0,0,0,0,0,0,0,0,0,0,2,2,2,7,12,21,20,22,26,29,31,21,16,5,8,3,1,0,0,0,0,0,0
22/06/2018,PS-23055-BM,Puerto Viejo,3,0,0,0,2,1,3,4,0,2,2,6,4,4,4,5,8,7,9,3,10,5,6,10,5,3,4,8,4,4,2,4,5,7,3,1,6,0
22/06/2018,PL-17770-CM,Cancas,13,0,0,0,0,0,0,0,2,1,1,5,4,11,13,19,16,25,31,27,27,18,19,8,5,4,4,3,0,0,0,0,0,0,0,0,0,0
22/06/2018,PL-28377-BM,Culebras,1,0,0,0,0,0,0,0,0,0,0,0,0,0,0,3,2,6,11,20,29,27,44,25,13,8,4,2,0,0,0,0,0,0,0,0,0,0
22/06/2018,IO-21080-BM,Huanchaco,2,0,0,0,0,0,0,0,0,0,0,0,0,0,0,2,0,1,4,4,3,9,8,4,6,4,2,3,0,0,3,0,0,0,0,0,0,0
22/06/2018,PL-35407-CM,Paita,7,0,0,0,3,0,0,1,2,2,3,2,3,1,2,6,3,4,4,4,5,6,3,6,2,2,4,7,1,5,3,1,5,8,4,5,2,0
23/06/2018,IQ-7372-PF,Tierra colorada,6,0,0,0,0,0,0,0,0,0,0,0,0,0,0,0,0,0,5,24,24,32,12,12,2,0,0,0,0,0,0,0,0,0,0,0,0,0
24/06/2018,TA-2327-BM,Pisco,20,0,0,0,0,0,0,0,0,0,0,0,0,0,0,0,1,1,4,8,7,10,11,16,17,15,20,17,15,6,6,5,2,0,2,1,1,0
25/06/2018,PA-20788-BF,Chimbote,1,0,0,0,0,0,0,0,0,0,0,0,0,0,0,1,1,6,6,12,10,11,11,6,4,0,0,0,0,0,0,0,0,0,0,0,0,0
26/06/2018,PS-0699-BM,Tierra colorada,3,0,0,0,0,0,0,0,1,2,2,6,8,6,17,11,22,25,22,18,21,15,9,9,1,2,1,0,0,0,0,0,0,0,0,0,0,0
29/06/2018,PL-4177-CM,Lobitos,22,0,0,0,0,0,0,0,0,0,0,0,0,0,0,0,1,1,2,8,28,34,35,39,26,15,5,0,1,0,0,0,0,0,0,0,0,0
29/06/2018,PS-6548-CM,Las Delicias,10,0,0,0,0,0,0,0,0,0,0,0,0,0,0,0,0,0,0,0,4,9,20,40,46,45,24,21,12,0,4,0,0,0,0,0,0,0
29/06/2018,PL-28834-CM,Paita,5,0,0,0,0,0,0,0,0,0,0,1,0,0,4,4,8,11,10,11,11,10,18,14,12,5,6,2,3,1,1,0,0,0,0,0,0,0
29/06/2018,TA-30820-BM,Chancay,5,0,0,0,0,0,0,0,0,0,0,0,0,0,0,1,5,2,10,12,10,15,7,11,5,4,3,1,2,3,0,0,0,0,0,0,0,0
01/07/2018,PL-35217-CM,Punta La Negra,10,1,1,1,0,2,1,0,3,5,3,3,1,3,3,1,9,3,5,1,2,5,3,3,1,1,3,2,1,5,3,4,2,0,2,2,1,0
01/07/2018,PL-04340-BM,Salaverry,7,0,0,0,0,0,0,0,0,0,1,0,0,2,1,4,4,6,12,16,12,15,25,18,30,20,16,10,15,5,0,1,0,0,0,0,0,0
01/07/2018,PT-34377-BM,Talara,9,0,0,0,0,0,0,2,2,3,1,3,0,2,3,1,1,3,3,1,4,1,3,4,3,1,6,3,3,1,2,3,1,3,1,0,5,0
02/07/2018,CE-6141-BM,Santa Rosa,2,0,0,0,0,0,0,0,0,0,0,0,0,0,0,0,0,0,0,0,0,0,0,0,10,31,68,39,5,1,0,0,0,0,0,0,0,0
02/07/2018,PT-34720-BM,Cerro Azul,4,0,0,0,0,0,0,0,0,0,0,0,0,0,0,0,0,0,0,0,0,88,27,0,0,0,0,0,0,0,0,0,0,0,0,0,0,0
03/07/2018,PT-3937-CM,Sechura (Matacaballo),32,0,0,0,0,0,0,1,0,2,1,2,2,1,1,1,0,5,2,0,2,1,1,2,2,1,5,5,3,2,2,0,1,3,2,1,1,0
03/07/2018,PT-38198-CM,Pisco,3,0,0,0,0,0,0,0,0,0,0,0,0,0,0,0,0,0,0,3,6,5,10,16,19,19,33,29,18,14,18,8,4,6,1,0,0,0
04/07/2018,SY-31389-BM,Talara,2,0,0,0,0,0,0,0,0,0,0,0,0,0,0,0,0,2,7,32,33,27,8,1,2,0,0,0,0,0,0,0,0,0,0,0,0,0
05/07/2018,PT-10211-CM,Pisco,1,0,0,0,0,0,0,0,0,0,0,0,0,0,0,0,0,0,0,0,0,12,37,65,51,15,1,0,0,0,0,0,0,0,0,0,0,0
05/07/2018,PL-38444-BM,Paita,1,0,0,0,0,0,0,0,0,0,0,0,0,0,0,0,0,0,0,0,0,0,0,0,3,21,40,33,6,0,0,0,0,0,0,0,0,0
06/07/2018,PT-3966-PM,Supe,70,0,0,0,0,0,0,0,0,0,0,0,0,1,1,1,3,3,12,8,14,10,14,14,21,14,10,8,10,4,4,2,0,3,0,0,0,0
07/07/2018,ZS-26276-BM,Cabo Blanco,1,0,0,1,0,1,1,1,4,3,1,0,2,3,6,7,3,7,3,3,3,7,5,2,8,4,7,2,7,3,9,2,4,1,6,2,0,0
07/07/2018,SY-32557-BM,Bahía Salinas,1,0,0,0,0,0,0,0,0,0,0,0,0,0,0,0,0,0,0,0,3,2,17,19,29,32,37,20,15,9,1,1,0,0,0,0,0,0
07/07/2018,CE-0254-PM,Parachique,51,0,0,0,0,0,0,0,0,0,0,0,0,0,0,0,0,0,0,0,6,20,56,62,53,17,5,2,0,0,0,0,0,0,0,0,0,0
08/07/2018,ZS-2804-BM,Cabo Blanco,4,0,0,0,0,0,0,0,0,0,0,0,0,0,0,0,0,0,1,9,23,20,4,1,0,0,0,0,0,0,0,0,0,0,0,0,0,0
11/07/2018,HO-1747-BM,Ancón,1,0,0,0,0,0,0,0,0,0,0,0,0,0,0,0,1,6,6,11,30,32,38,37,27,24,12,9,3,0,3,0,0,0,0,0,0,0
12/07/2018,PL-28557-CM,Bayóvar,2,0,0,0,0,0,0,0,0,0,0,0,0,0,0,1,1,1,1,4,3,9,3,23,18,17,21,23,13,10,6,6,3,4,0,2,1,0
12/07/2018,TA-1903-BM,San Jose,1,0,0,0,0,0,0,0,0,0,0,0,0,0,0,0,0,0,0,0,3,9,45,63,41,30,3,0,0,0,0,0,0,0,0,0,0,0
12/07/2018,CE-14167-PM,Végueta,114,0,0,0,0,0,0,0,0,0,0,0,0,0,2,1,5,9,19,12,6,5,2,1,0,0,0,0,0,0,0,0,0,0,0,0,0,0
13/07/2018,ZS-14068-BM,Las Delicias,1,0,0,0,0,0,0,0,0,0,0,0,0,0,0,0,0,0,2,3,3,5,16,13,21,22,28,33,26,14,14,9,4,5,1,1,0,0
13/07/2018,PL-17742-BM,Samanco,4,0,0,0,0,0,0,0,0,0,0,0,0,0,1,1,2,11,24,28,45,44,29,19,5,1,2,0,0,0,0,0,0,0,0,0,0,0
14/07/2018,CO-21718-CM,Lobitos,18,0,0,0,0,0,0,0,0,0,0,0,0,0,0,0,0,45,179,3,0,0,0,0,0,0,0,0,0,0,0,0,0,0,0,0,0,0
17/07/2018,PT-29768-CM,Chorrillos,20,0,0,0,0,0,0,0,0,0,0,0,0,0,0,0,0,0,0,0,0,5,57,96,28,0,0,0,0,0,0,0,0,0,0,0,0,0
17/07/2018,TA-3094-BM,Chicama (Malabrigo),1,0,0,0,0,0,0,0,0,0,0,0,0,0,0,0,0,0,0,1,35,54,0,0,0,0,0,0,0,0,0,0,0,0,0,0,0,0
17/07/2018,CE-15459-BM,San Jose,12,0,0,0,0,0,0,0,0,0,0,0,0,0,0,0,0,0,3,1,0,7,14,16,31,39,38,33,23,17,11,3,2,1,1,0,0,0
17/07/2018,TA-35382-BM,Los Ferroles,8,0,0,0,0,0,0,0,0,0,1,0,1,4,6,9,10,17,16,13,21,29,19,13,12,11,4,0,3,2,1,0,0,0,0,0,0,0
18/07/2018,IO-28338-BM,Yacila,1,0,0,0,0,0,0,0,0,0,0,0,0,0,0,1,13,60,70,37,6,0,0,0,0,0,0,0,0,0,0,0,0,0,0,0,0,0
19/07/2018,CE-1375-BM,Yacila,3,0,0,0,0,0,0,0,0,0,0,0,0,0,0,0,0,0,0,0,0,0,9,19,21,5,0,0,0,0,0,0,0,0,0,0,0,0
20/07/2018,SE-42502-BM,Tierra colorada,2,0,0,0,0,0,0,0,0,0,0,0,0,0,0,1,0,2,6,10,10,17,22,26,29,24,27,17,8,7,0,1,0,0,0,0,0,0
20/07/2018,PS-0602-BM,Tambo de Mora,3,0,0,0,0,0,0,0,0,0,1,5,5,5,9,19,33,18,29,23,27,25,11,7,4,5,0,0,0,0,0,0,0,0,0,0,0,0
21/07/2018,ZS-19149-BM,San Jose,5,0,0,0,0,0,0,0,0,0,0,0,0,1,0,0,2,1,1,17,19,24,20,19,19,12,5,3,1,1,0,0,0,0,0,0,0,0
21/07/2018,PL-32937-BM,Los Ferroles,2,0,0,0,0,0,0,0,0,0,0,0,0,0,0,0,0,0,0,0,0,0,1,43,60,2,0,0,0,0,0,0,0,0,0,0,0,0
21/07/2018,CO-30403-BM,San Andres,7,0,0,0,1,0,1,2,0,2,1,6,1,5,2,4,3,2,7,7,4,5,3,3,3,4,0,1,3,3,3,4,4,2,4,0,1,0
22/07/2018,ZS-18192-BM,Bahía Independencia,7,0,0,0,0,2,0,1,1,1,2,2,0,1,3,1,2,2,0,2,1,3,1,3,2,1,2,1,1,2,0,1,1,4,1,1,1,0
24/07/2018,SY-21072-BM,Punta La Negra,3,0,1,1,0,1,1,1,0,4,3,5,7,10,3,5,4,1,8,7,8,4,5,5,4,4,1,3,11,5,4,0,1,3,2,3,5,0
28/07/2018,ZS-21131-BM,Huarmey,1,0,0,0,0,0,0,0,0,0,0,0,0,0,0,0,1,2,10,20,53,60,45,39,11,1,0,0,0,0,0,0,0,0,0,0,0,0
29/07/2018,PS-23093-BM,Carquín,5,0,0,0,0,0,0,0,0,0,0,1,1,0,1,4,2,2,3,4,10,6,6,9,2,2,3,3,3,2,0,0,0,0,0,0,0,0
31/07/2018,PT-4609-PM,Chancay,75,0,0,0,2,0,1,1,0,1,0,2,0,2,1,2,1,4,4,2,0,1,1,1,1,1,2,0,2,2,0,0,1,0,2,3,0,0
31/07/2018,PL-12252-CM,Yacila,9,0,0,0,0,0,0,0,0,0,0,0,0,0,0,1,4,19,34,18,18,11,2,0,0,0,0,0,0,0,0,0,0,0,0,0,0,0
01/08/2018,PS-0143-BM,Chorrillos,2,0,0,0,0,0,0,0,0,0,0,0,0,0,0,0,0,0,0,0,0,33,188,26,0,0,0,0,0,0,0,0,0,0,0,0,0,0
01/08/2018,TA-26504-BM,Carquín,5,0,1,0,0,0,0,3,1,2,1,2,1,4,0,3,3,4,3,5,1,3,3,4,3,6,6,2,3,1,9,4,2,3,1,1,2,0
02/08/2018,IO-41470-BM,San Jose,3,1,1,0,2,0,2,4,0,4,5,4,7,6,2,4,2,5,5,8,5,5,6,3,6,4,5,5,4,7,6,5,4,0,4,2,3,0
03/08/2018,IO-38033-BM,Talara,6,0,0,0,0,0,0,0,0,0,0,0,1,0,0,1,1,6,9,7,10,16,8,12,10,6,2,0,0,0,0,0,0,0,0,0,0,0
05/08/2018,CO-3273-PM,Salaverry,134,0,0,0,0,0,0,0,0,0,0,0,0,0,0,0,2,2,3,7,4,8,10,19,29,22,23,21,17,15,11,4,5,3,0,2,0,0
06/08/2018,PT-30382-PM,Huanchaco,58,0,0,0,0,0,0,0,0,0,0,0,0,0,0,0,0,0,0,0,0,2,10,31,47,58,50,18,2,0,0,0,0,0,0,0,0,0
06/08/2018,PT-12172-CM,Ancón,6,0,0,0,0,0,0,0,0,0,0,0,0,0,0,0,5,12,39,49,48,36,22,8,2,0,0,0,0,0,0,0,0,0,0,0,0,0
08/08/2018,PT-28022-BM,Tortugas,3,0,0,0,0,0,0,0,0,0,0,0,0,0,0,2,4,4,2,9,11,9,16,17,19,13,13,9,11,3,1,2,0,1,0,0,0,0
09/08/2018,TA-36944-BM,Salaverry,9,0,0,0,0,0,0,0,0,0,0,0,0,0,0,0,0,0,1,7,2,8,13,24,20,29,31,34,24,24,10,8,4,8,0,0,0,0
09/08/2018,PT-30506-BM,Bujuma,2,0,0,0,0,0,0,0,0,0,0,0,0,0,0,0,0,0,1,67,39,0,0,0,0,0,0,0,0,0,0,0,0,0,0,0,0,0
09/08/2018,PT-4693-BM,Sechura (Matacaballo),3,0,0,0,0,0,0,0,0,0,0,0,0,1,5,10,9,18,26,35,22,25,27,15,18,9,7,6,3,2,0,0,0,0,1,0,0,0
10/08/2018,PL-23725-BM,Pacasmayo,3,0,0,0,0,0,0,0,0,0,0,0,0,0,0,0,0,0,0,0,1,5,8,6,22,22,27,22,12,9,4,2,1,0,0,0,0,0
10/08/2018,CO-38095-CM,Chorrillos,4,0,0,0,0,0,0,0,0,0,0,0,0,0,0,0,3,1,3,1,1,9,12,4,6,4,13,9,2,3,3,1,2,1,0,0,0,0
11/08/2018,CE-5078-PM,Cabo Blanco,80,0,0,0,0,0,0,0,0,0,0,0,0,0,0,0,0,0,0,0,0,0,0,0,5,51,13,0,0,0,0,0,0,0,0,0,0,0
14/08/2018,IO-18082-BM,Chimbote,2,1,0,0,4,0,1,1,1,0,3,7,5,1,5,1,3,3,6,5,3,4,0,7,8,2,5,6,2,5,5,6,2,3,3,3,0,0
14/08/2018,CE-0232-PM,Zorritos,371,0,0,0,0,0,0,0,0,0,0,0,0,0,0,0,0,1,2,22,54,55,62,28,4,2,0,0,0,0,0,0,0,0,0,0,0,0
15/08/2018,ZS-17144-BM,Bujuma,7,0,0,0,0,0,0,0,0,0,0,0,0,0,0,0,0,0,0,0,1,8,11,17,24,14,12,2,0,0,0,0,0,0,0,0,0,0
17/08/2018,IO-23245-BM,Yacila,5,0,0,0,0,0,0,0,0,0,0,0,0,0,0,0,3,3,23,54,41,12,0,0,0,0,0,0,0,0,0,0,0,0,0,0,0,0
18/08/2018,SE-7736,Cabo Blanco,30,0,0,0,0,0,0,0,0,0,0,1,0,2,5,1,5,5,5,14,18,21,25,16,22,20,13,8,6,6,2,1,1,1,0,0,0,0
18/08/2018,IO-10692-BM,Végueta,1,0,0,0,0,0,0,0,0,0,0,0,0,0,0,0,0,0,0,0,0,5,19,79,84,30,4,0,0,0,0,0,0,0,0,0,0,0
20/08/2018,ZS-39111-BM,Bayóvar,5,0,0,0,0,0,0,0,0,0,0,0,0,0,0,1,2,10,26,30,41,41,29,10,12,2,0,0,0,0,0,0,0,0,0,0,0,0
21/08/2018,CE-10552-PM,Tierra colorada,67,0,2,1,1,3,1,0,3,5,2,4,3,8,5,5,8,3,3,3,5,6,6,2,7,9,6,2,6,4,9,2,2,5,6,3,5,0
22/08/2018,TA-2197-BM,Ancón,3,0,0,0,0,0,0,0,0,0,0,0,0,0,1,1,0,3,4,4,8,4,14,10,11,9,8,9,8,3,5,3,1,0,0,0,0,0
23/08/2018,MO-0887-BM,Salaverry,2,0,0,0,0,0,0,0,0,0,0,0,0,0,0,0,0,0,0,0,0,0,32,30,0,0,0,0,0,0,0,0,0,0,0,0,0,0
24/08/2018,CE-6498-PM,Tierra colorada,13,0,0,0,0,0,0,0,0,0,0,0,0,0,0,0,0,3,10,26,49,42,42,19,13,4,0,0,0,0,0,0,0,0,0,0,0,0
24/08/2018,CO-21244-CM,Yacila,18,0,0,0,0,0,0,0,0,0,0,1,0,1,3,0,3,6,13,12,23,29,16,15,13,7,8,6,1,0,0,0,0,0,0,0,0,0
24/08/2018,PT-6155-CM,Pucusana,12,0,0,0,0,0,0,0,0,0,0,0,0,1,3,3,2,9,10,11,17,20,34,29,25,17,21,15,11,3,0,2,0,1,0,0,0,0
25/08/2018,IO-1048-BM,Culebras,2,0,0,0,0,0,0,0,0,0,0,0,0,0,0,0,0,0,0,0,1,2,18,22,64,56,34,17,10,2,0,0,0,0,0,0,0,0
25/08/2018,TA-39567-BM,Sechura (Matacaballo),7,0,0,0,0,0,0,0,0,0,0,0,0,0,0,0,0,0,0,0,0,0,0,0,6,10,20,14,7,0,0,0,0,0,0,0,0,0
25/08/2018,CE-18089-BM,Huacho,8,0,0,0,0,0,0,0,0,0,0,0,0,0,2,0,1,1,2,7,2,4,14,12,9,17,13,9,8,9,8,6,2,3,0,0,0,0
26/08/2018,HO-2284-BM,Bahía Independencia,4,0,0,0,0,0,0,0,0,0,0,0,0,0,0,0,0,0,0,0,0,0,0,0,0,14,91,0,0,0,0,0,0,0,0,0,0,0
26/08/2018,PL-25308-BM,Puerto Rico,1,0,0,0,0,0,0,0,0,0,0,0,0,0,0,0,0,0,0,0,0,0,0,2,74,149,20,0,0,0,0,0,0,0,0,0,0,0
26/08/2018,CE-21076-BM,Pucusana,21,0,0,0,0,0,0,0,0,0,0,1,0,1,0,4,8,10,20,29,17,15,13,10,4,2,0,1,0,0,0,0,0,0,0,0,0,0
27/08/2018,HO-12799-BM,Paita,12,0,0,0,0,0,0,0,0,0,0,0,0,0,0,0,7,34,73,59,34,6,0,0,0,0,0,0,0,0,0,0,0,0,0,0,0,0
28/08/2018,PT-28150-BM,Ancón,3,0,0,0,0,0,0,0,0,0,0,0,0,0,0,1,0,3,11,26,51,61,55,19,6,2,0,0,0,0,0,0,0,0,0,0,0,0
28/08/2018,CO-16650-PM,Bahía Salinas,10,0,0,0,0,0,0,0,0,0,0,0,0,0,0,3,0,3,6,11,21,26,25,31,35,28,17,18,10,4,3,2,1,0,0,0,0,0
28/08/2018,CE-021876-CM,Huanchaco,16,0,0,0,0,0,0,0,0,0,0,0,0,0,0,0,0,3,48,147,32,1,0,0,0,0,0,0,0,0,0,0,0,0,0,0,0,0
29/08/2018,CO-17004-BM,Casma,2,0,0,0,0,0,0,0,0,1,1,3,1,3,9,11,14,15,22,23,20,24,14,14,7,7,3,2,0,0,0,0,0,0,0,0,0,0
29/08/2018,PS-0080-BM,Huanchaco,2,0,0,0,0,0,0,0,0,0,0,0,0,0,0,0,0,0,0,1,10,30,24,4,1,0,0,0,0,0,0,0,0,0,0,0,0,0
30/08/2018,SY-25058-BM,Cerro Azul,2,0,0,0,0,0,0,0,0,0,0,0,0,0,0,0,1,4,17,13,28,29,25,13,5,2,0,0,0,0,0,0,0,0,0,0,0,0
31/08/2018,MO-0873-BM,Chancay,1,0,0,0,0,0,0,0,0,0,0,0,0,0,0,0,0,0,0,0,7,3,4,3,5,14,5,11,2,2,0,1,0,0,0,0,0,0
01/09/2018,PL-22877-CM,Tortugas,2,0,0,0,0,0,0,0,0,0,0,0,1,0,1,4,4,7,12,9,23,24,25,26,24,16,12,19,10,7,4,1,3,2,0,0,0,0
02/09/2018,CO-15665-PM,Carquín,47,0,0,0,0,1,1,2,0,2,3,3,4,3,6,3,5,4,3,6,4,6,1,3,3,4,7,6,5,5,5,3,8,3,3,4,0,0
02/09/2018,PS-0470-BM,Huarmey,2,0,0,0,0,0,0,0,0,0,0,0,0,0,0,0,0,0,0,0,1,6,7,12,18,36,41,36,31,21,11,4,4,0,0,0,0,0
02/09/2018,CE-39739-CM,Punta La Negra,5,0,0,0,0,0,0,0,0,0,0,0,0,0,0,0,0,0,0,0,0,0,0,1,13,82,64,3,0,0,0,0,0,0,0,0,0,0
02/09/2018,MO-2700-BM,Puerto Rico,1,0,0,0,0,0,0,0,0,0,0,0,0,0,0,0,0,0,0,1,2,7,13,18,17,18,8,7,2,0,0,0,0,0,0,0,0,0
03/09/2018,ZS-3206-BM,Talara,2,0,0,0,0,0,0,0,0,0,0,0,1,1,0,1,7,6,21,29,26,31,21,14,6,2,1,1,0,0,0,0,0,0,0,0,0,0
05/09/2018,PT-30641-BM,Carquín,1,0,0,0,0,0,0,0,0,0,0,0,0,0,0,0,0,8,6,33,33,33,14,3,7,1,0,0,0,0,0,0,0,0,0,0,0,0
06/09/2018,CO-17266-BM,Huanchaco,4,0,0,0,0,0,0,0,0,0,0,0,0,0,0,1,4,12,13,26,38,33,37,26,17,8,3,1,0,0,0,0,0,0,0,0,0,0
07/09/2018,CO-27312-BM,Chancay,8,0,0,0,0,0,0,0,0,0,0,0,0,0,0,0,1,1,2,4,3,5,5,8,8,6,9,5,5,8,4,1,2,1,1,0,0,0
07/09/2018,CE-40882-CM,Zorritos,5,0,0,0,0,0,0,0,0,0,0,0,0,0,0,0,0,1,2,3,6,2,9,11,25,25,33,33,25,21,14,9,5,1,1,1,0,0
07/09/2018,MO-11498-BM,Bahía Independencia,1,0,0,0,1,0,0,0,1,0,1,1,2,3,2,1,4,2,1,5,5,1,0,5,2,2,2,1,3,1,2,1,0,1,1,1,0,0
08/09/2018,CO-0393-PM,Tierra colorada,20,0,0,0,0,0,0,0,0,0,0,0,0,1,1,1,4,9,6,12,15,15,14,13,11,5,14,2,4,2,3,0,0,0,0,0,1,0
10/09/2018,CE-41637-CM,Las Delicias,1,0,0,0,0,0,0,0,0,0,0,0,0,0,0,0,0,0,0,0,15,97,4,0,0,0,0,0,0,0,0,0,0,0,0,0,0,0
10/09/2018,PS-0547-BM,Juan Pablo,1,0,0,0,0,1,1,0,1,0,2,1,1,0,0,4,0,2,3,2,4,3,0,4,1,1,2,1,0,4,3,1,0,3,3,1,0,0
10/09/2018,PT-38101-CM,Tortugas,9,0,0,0,0,0,0,0,0,0,0,0,0,0,0,0,0,0,0,1,0,2,7,10,10,18,13,11,13,10,8,4,3,1,0,0,0,0
12/09/2018,PT-24971-BM,Bayóvar,4,0,0,0,0,0,0,0,0,0,0,0,0,0,0,0,0,0,1,0,3,3,13,17,20,19,35,17,22,10,13,4,1,1,0,0,0,0
12/09/2018,IO-4869-PM,Carquín,89,0,0,0,0,0,0,0,0,0,0,0,0,0,0,0,0,0,0,0,4,10,10,16,16,17,20,14,6,5,5,0,0,1,0,0,0,0
12/09/2018,PT-02546-CM,Parachique,24,0,0,0,0,0,0,0,0,0,0,0,1,0,3,5,9,11,19,15,15,3,2,1,0,0,0,0,0,0,0,0,0,0,0,0,0,0
12/09/2018,IO-13108-BM,Santa Rosa,3,0,0,0,0,0,0,0,0,0,0,0,0,0,1,0,5,4,7,9,15,9,10,11,17,18,10,6,9,4,2,0,2,0,0,0,0,0
14/09/2018,PT-32376-BM,Huarmey,4,0,0,0,0,0,0,0,0,0,0,0,1,0,4,3,1,6,7,7,4,4,9,8,6,2,4,1,1,0,0,0,0,0,0,0,0,0
15/09/2018,CO-11391-PM,San Andres,215,0,0,0,0,0,0,0,0,0,0,0,0,0,0,0,0,0,0,1,0,2,7,15,26,30,32,23,23,14,4,3,0,0,0,0,0,0
15/09/2018,PA-12490-PF,Culebras,1,0,0,0,0,0,0,0,0,0,0,0,0,0,0,0,0,0,2,1,7,5,6,4,9,7,10,6,14,7,1,1,1,1,0,0,0,0
16/09/2018,PT-3870-BM,Santa Rosa,23,0,0,0,0,0,0,0,0,0,0,0,1,0,0,0,3,4,6,13,8,19,16,17,15,18,14,16,4,4,6,2,0,0,1,0,0,0
16/09/2018,TA-12337-BM,Callao,2,0,0,0,0,0,0,0,0,0,0,0,0,0,0,0,0,0,0,5,21,53,60,29,9,2,0,0,0,0,0,0,0,0,0,0,0,0
16/09/2018,CE-36421-CM,Puerto Viejo,8,0,0,0,0,0,0,0,0,0,0,0,0,1,1,5,25,37,33,29,20,7,4,3,1,0,0,0,0,0,0,0,0,0,0,0,0,0
17/09/2018,CE-4083-PM,Pucusana,220,0,0,0,0,0,0,0,0,0,0,0,0,0,0,0,0,0,0,0,1,3,7,27,16,14,2,1,0,0,0,0,0,0,0,0,0,0
17/09/2018,PL-30932-BM,Casma,1,0,0,0,0,0,0,0,2,0,0,1,1,0,0,1,2,5,1,2,1,4,1,1,2,0,1,0,3,0,0,0,0,3,1,1,0,0
17/09/2018,PT-39061-BM,Juan Pablo,1,0,0,0,0,0,0,0,0,0,0,0,0,0,0,0,0,0,0,3,1,6,7,24,17,21,26,19,14,7,9,1,1,0,0,0,0,0
18/09/2018,CO-28617-PM,Supe,78,0,0,0,0,0,0,0,0,0,0,0,0,0,0,0,0,0,1,16,98,80,13,0,0,0,0,0,0,0,0,0,0,0,0,0,0,0
18/09/2018,CE-21144-CM,Culebras,8,0,0,0,0,0,0,0,0,0,0,0,0,0,2,0,3,4,5,16,27,19,25,31,22,17,19,15,10,11,3,4,1,1,1,0,0,0
18/09/2018,PT-34753-BM,San Jose,1,0,0,0,0,0,0,0,0,0,0,0,0,0,0,0,0,0,0,0,0,0,6,44,0,0,0,0,0,0,0,0,0,0,0,0,0,0
18/09/2018,PT-24876-BM,San Jose,3,0,0,0,0,0,0,0,0,0,0,0,0,1,1,3,2,10,15,7,13,14,23,20,16,6,9,15,5,4,1,0,0,0,0,0,0,0
18/09/2018,PL-44077-BM,Bahía Salinas,1,0,0,0,0,0,0,0,0,0,0,1,1,0,0,3,3,5,6,5,7,9,5,3,3,0,2,1,2,0,0,0,0,0,0,0,0,0
19/09/2018,IO-29171-BM,Casma,4,0,0,0,0,0,0,0,0,0,0,0,0,0,0,0,0,0,0,1,3,2,9,26,27,36,34,22,17,10,4,0,0,0,0,0,0,0
19/09/2018,PS-3608-BM,Culebras,1,0,0,0,0,0,0,0,0,0,0,0,0,0,0,2,0,1,4,5,11,12,8,4,6,6,3,4,1,2,0,0,1,0,0,0,0,0
19/09/2018,IO-23199-BM,Tambo de Mora,2,0,0,0,0,0,0,0,0,0,0,0,0,0,0,3,4,6,18,28,24,17,20,6,0,1,0,0,0,0,0,0,0,0,0,0,0,0
19/09/2018,IO-20123-BM,Chancay,2,0,0,1,1,0,1,1,0,2,2,2,0,1,0,1,2,4,6,4,5,4,4,2,5,7,6,2,4,2,1,3,3,1,3,1,1,0
20/09/2018,PL-2756-BM,Huarmey,23,0,0,0,0,0,0,0,0,0,0,0,0,0,1,1,2,5,9,15,32,38,35,19,21,17,12,13,4,5,0,0,0,0,0,0,0,0
21/09/2018,CE-13680-PM,Pucusana,208,0,0,0,0,0,0,0,0,0,0,0,0,0,0,0,0,0,0,0,2,5,24,63,65,37,13,1,0,0,0,0,0,0,0,0,0,0
21/09/2018,PT-36026-CM,Tortugas,4,0,0,0,0,0,0,0,0,0,0,0,0,0,0,0,0,0,0,0,1,2,7,8,10,17,10,1,0,0,0,0,0,0,0,0,0,0
23/09/2018,CE-21701-CM,Carquín,69,0,0,0,0,0,0,0,0,0,1,1,1,1,2,2,0,3,0,2,2,4,1,1,0,0,0,1,1,2,1,0,1,2,1,2,0,0
23/09/2018,SE-15506-BM,Chancay,2,0,0,0,0,0,0,1,0,0,0,0,0,1,2,3,4,3,7,16,12,11,11,7,6,10,4,2,0,0,0,1,0,0,0,0,0,0
24/09/2018,PT-21143-PM,Cancas,25,0,0,0,0,0,0,0,0,0,0,0,0,0,0,1,0,1,3,6,9,17,13,12,16,17,11,13,2,3,0,0,0,0,0,0,0,0
24/09/2018,IO-41689-BM,Zorritos,3,0,1,1,0,0,0,3,1,2,5,1,2,7,1,1,6,4,5,2,2,1,5,2,0,7,4,7,3,3,0,3,4,2,4,1,3,0
25/09/2018,PL-28357-CM,Santa Rosa,20,1,0,0,0,0,0,2,0,0,1,1,1,2,1,1,2,2,2,3,2,2,7,1,3,7,1,3,3,3,5,4,2,1,1,0,2,0
26/09/2018,IO-29587-BM,Pisco,1,0,0,0,0,0,0,0,0,0,0,0,0,0,0,0,0,0,0,1,5,2,10,19,26,17,13,1,1,0,0,0,0,0,0,0,0,0
26/09/2018,IO-17241-BM,Bujuma,1,0,0,0,0,0,0,0,0,0,0,0,0,0,4,6,25,35,59,55,33,11,5,1,0,0,0,0,0,0,0,0,0,0,0,0,0,0
28/09/2018,CO-29371-BM,Paita,7,0,0,3,1,0,2,1,2,4,4,4,3,3,10,4,2,5,5,8,6,6,2,2,7,5,8,3,4,5,1,3,6,2,2,4,5,0
28/09/2018,CO-22695-CM,Eten,1,0,0,0,0,0,0,0,0,0,1,5,4,13,18,18,26,23,25,32,21,19,7,8,6,2,1,1,1,1,0,0,0,0,0,0,0,0
29/09/2018,TA-10589-BM,San Andres,7,0,0,0,0,0,0,0,0,0,0,0,0,1,0,0,0,1,1,1,4,6,8,9,9,4,7,4,6,3,3,0,0,0,0,0,0,0
29/09/2018,CE-20862-PM,Bahía Salinas,66,0,0,0,0,0,0,0,0,0,0,0,0,0,0,0,0,0,0,0,2,1,22,22,41,50,31,10,9,0,0,0,0,0,0,0,0,0
30/09/2018,CE-6141-BM,Pimentel,3,0,0,1,1,1,2,1,3,0,0,1,4,1,3,2,3,2,2,2,2,3,2,3,2,1,5,5,1,4,3,4,3,1,3,4,2,0
04/10/2018,PL-4853-CM,Tortugas,8,0,0,0,0,0,0,0,0,0,0,0,0,0,0,0,0,3,15,31,57,44,17,3,1,0,0,0,0,0,0,0,0,0,0,0,0,0
04/10/2018,TA-35459-CM,Máncora,20,0,0,0,0,0,0,0,0,0,0,0,0,0,0,0,0,0,0,2,118,18,0,0,0,0,0,0,0,0,0,0,0,0,0,0,0,0
05/10/2018,IO-29107-BM,Coishco,1,0,0,0,0,0,0,0,0,0,0,0,0,0,1,7,18,47,65,50,30,13,0,0,0,0,0,0,0,0,0,0,0,0,0,0,0,0
06/10/2018,PL-12082-CM,Chicama (Malabrigo),29,0,0,0,0,0,0,0,0,0,0,0,0,1,0,0,1,3,4,13,11,4,24,36,32,26,17,10,8,2,4,0,2,0,0,0,0,0
08/10/2018,PS-18128-BM,Sechura (Matacaballo),3,0,0,0,0,0,0,0,0,0,0,1,0,4,12,12,17,15,13,14,15,6,2,1,0,0,0,0,0,0,0,0,0,0,0,0,0,0
08/10/2018,CO-19203-BM,Lobitos,7,0,0,0,0,0,0,0,0,0,0,0,0,0,0,1,3,20,24,52,46,35,9,3,0,0,0,0,0,0,0,0,0,0,0,0,0,0
10/10/2018,TA-35379-BM,Culebras,5,0,0,0,0,0,0,0,0,0,0,0,0,0,0,0,0,2,21,74,90,38,0,0,0,0,0,0,0,0,0,0,0,0,0,0,0,0
12/10/2018,PS-11848-BM,Pisco,1,0,0,0,0,0,0,0,0,0,1,0,1,4,3,5,8,12,12,13,28,26,13,19,7,10,10,8,5,4,3,1,0,0,0,0,0,0
13/10/2018,TA-2217-BM,Supe,4,0,0,0,0,0,0,0,0,0,0,0,0,0,0,0,0,0,0,0,0,4,17,68,78,27,12,1,0,0,0,0,0,0,0,0,0,0
14/10/2018,CE-17636-BM,Bujuma,2,0,0,0,0,0,0,0,0,0,0,0,0,0,0,0,2,5,7,13,12,14,24,15,16,15,18,7,7,0,3,3,1,0,0,0,0,0
15/10/2018,PT-27901-BM,Culebras,1,0,0,0,0,0,0,0,0,0,0,1,0,1,5,3,12,19,34,30,26,38,19,25,13,9,7,4,1,0,0,0,0,0,0,0,0,0
15/10/2018,CE-28225-PM,Juan Pablo,203,0,0,0,0,0,0,0,0,0,0,0,0,0,0,0,2,3,6,7,8,11,20,18,37,28,29,17,9,3,7,4,2,0,0,0,0,0
16/10/2018,SY-30996-BM,Chicama (Malabrigo),2,0,0,0,0,0,0,0,0,0,0,0,0,1,1,4,4,8,9,12,18,20,9,11,4,2,3,0,0,0,0,0,0,0,0,0,0,0
18/10/2018,SN-17861-BM,Pimentel,3,0,0,0,0,0,0,0,0,0,0,0,0,0,0,2,3,7,8,14,20,20,24,31,23,23,17,14,9,6,0,0,0,1,0,0,0,0
19/10/2018,HO-21009-BM,Pisco,2,0,0,0,0,0,0,0,0,0,0,0,0,0,0,0,2,10,18,32,18,24,18,6,0,0,0,0,0,0,0,0,0,0,0,0,0,0
22/10/2018,SY-41993-BM,Tortugas,2,0,0,0,0,0,0,0,0,0,0,0,0,0,0,2,4,6,10,25,24,26,31,25,16,12,6,3,3,0,1,0,0,0,0,0,0,0
23/10/2018,HO-1166-BM,Zorritos,5,0,0,0,0,0,0,0,0,0,0,0,0,0,0,0,1,1,2,4,5,9,13,18,11,27,24,17,18,12,10,7,3,4,3,1,0,0
24/10/2018,PL-17597-CM,Pacasmayo,13,0,0,0,0,0,0,0,0,0,0,0,0,0,0,0,0,0,0,0,0,0,0,3,6,30,44,34,17,1,0,0,0,0,0,0,0,0
24/10/2018,ZS-40628-BM,Eten,3,0,0,0,0,0,0,0,0,0,0,0,0,0,1,2,0,2,7,3,9,15,15,16,18,25,15,17,10,7,7,3,0,2,1,0,0,0
25/10/2018,CO-6240-PM,Lobitos,190,0,0,0,0,0,0,0,0,0,0,0,0,0,0,0,0,1,3,5,11,19,20,28,16,20,24,11,6,1,2,0,1,0,0,0,0,0
25/10/2018,SE-18186-BM,Tortugas,1,0,0,0,0,0,0,0,0,0,0,0,0,0,0,0,0,0,0,0,0,0,0,0,2,22,78,59,8,0,0,0,0,0,0,0,0,0
26/10/2018,PL-2123-BM,Yacila,3,0,1,1,0,2,0,2,3,1,2,1,3,1,1,3,4,4,5,7,4,1,2,4,2,1,2,1,2,3,2,3,0,6,2,1,1,0
26/10/2018,PT-30223-CM,Coishco,24,0,0,0,0,0,0,0,0,0,0,0,0,0,0,0,0,0,0,0,0,0,0,0,0,88,116,0,0,0,0,0,0,0,0,0,0,0
27/10/2018,CE-10532-BM,Huacho,2,0,0,0,0,0,0,0,0,0,0,0,0,0,0,0,0,1,1,3,22,50,66,55,36,10,3,0,0,0,0,0,0,0,0,0,0,0
27/10/2018,CE-2889-PM,Talara,236,0,0,0,0,0,0,0,0,0,0,0,0,0,0,0,3,1,5,4,4,9,16,13,22,19,15,11,9,3,2,4,2,0,0,0,0,0
27/10/2018,PT-40923-BM,Culebras,3,0,0,0,0,0,0,0,0,0,0,0,0,0,0,0,0,0,0,2,0,6,10,19,38,35,21,7,4,1,0,0,0,0,0,0,0,0
28/10/2018,PS-10860-BM,Bayóvar,2,0,0,0,0,0,0,0,0,0,0,0,0,0,0,0,0,0,7,130,43,0,0,0,0,0,0,0,0,0,0,0,0,0,0,0,0,0
29/10/2018,PT-05509-CM,Zorritos,4,0,0,0,0,0,0,0,0,1,0,0,1,3,9,12,18,24,17,23,16,23,19,13,10,11,4,2,2,1,0,0,0,0,0,0,0,0
30/10/2018,PL-42444-BM,Puerto Pizarro,3,0,0,0,0,0,0,0,0,0,0,0,0,0,0,0,1,1,2,7,13,17,26,37,24,26,18,19,8,5,1,2,1,0,0,0,0,0
30/10/2018,PS-13812-BM,Chimbote,4,0,0,0,0,0,0,0,0,0,0,0,0,2,1,1,7,19,25,15,36,33,26,7,15,6,0,0,1,0,0,0,0,0,0,0,0,0
30/10/2018,CE-2980-BM,Ancón,1,0,0,0,0,0,0,0,0,0,0,0,0,1,2,2,20,21,37,42,40,35,18,17,5,2,2,1,0,1,0,0,0,0,0,0,0,0
31/10/2018,ZS-18799-BM,Cancas,3,0,0,0,0,0,0,0,0,0,0,0,0,0,2,2,1,3,7,12,14,20,21,23,16,13,6,13,6,1,2,2,0,0,0,0,0,0
01/11/2018,CE-29568-CM,Lobitos,7,0,1,0,0,1,0,0,1,0,0,3,0,1,0,1,3,3,1,2,2,1,2,1,2,2,1,0,2,0,3,0,1,0,0,1,0,0
01/11/2018,CO-23138-CM,Talara,1,0,0,0,0,0,0,0,0,2,1,0,0,0,2,1,0,0,0,2,1,2,0,1,0,2,0,1,2,2,2,1,0,1,0,0,3,0
01/11/2018,PL-44077-BM,Ancón,2,0,0,0,0,0,0,0,0,0,0,0,0,0,0,0,0,0,0,0,4,42,55,22,2,0,0,0,0,0,0,0,0,0,0,0,0,0
02/11/2018,PL-29434-CM,Chicama (Malabrigo),13,0,0,0,0,0,0,0,0,0,0,0,0,0,2,1,0,3,1,9,3,6,4,15,4,8,3,5,2,2,0,0,0,1,0,0,0,0
02/11/2018,CO-16079-PM,Ancón,319,0,0,1,1,2,3,3,3,3,3,4,4,4,4,9,7,5,7,7,8,7,1,5,4,6,3,5,2,6,0,1,4,2,5,4,7,0
03/11/2018,TA-37566-BM,Cabo Blanco,2,0,1,0,1,0,3,3,4,2,4,3,1,5,2,1,6,1,3,2,3,3,6,2,0,6,5,1,3,0,3,2,1,3,3,1,3,0
04/11/2018,PT-5901-BM,Lobitos,22,0,0,0,0,0,0,0,0,0,0,0,1,8,9,18,34,33,29,32,16,18,8,6,1,1,0,0,0,0,0,0,0,0,0,0,0,0
04/11/2018,PT-11175-CM,Tierra colorada,7,0,0,0,0,0,0,0,0,0,0,0,0,0,0,0,0,5,9,32,68,46,35,8,2,0,0,0,0,0,0,0,0,0,0,0,0,0
05/11/2018,PT-33629-BM,Bahía Independencia,2,0,0,0,0,0,0,0,0,0,0,1,0,0,0,0,0,1,2,4,11,12,14,17,15,15,14,12,8,2,0,0,2,0,0,0,0,0
06/11/2018,SN-18998-BM,San Jose,1,0,0,0,0,0,0,0,0,0,0,0,3,5,2,6,13,19,28,29,23,19,16,11,10,4,0,2,0,1,0,0,0,0,0,0,0,0
06/11/2018,ZS-21258-BM,Parachique,1,0,0,1,2,0,0,1,2,2,2,2,2,0,0,3,0,1,1,2,2,1,5,2,0,5,2,2,4,2,2,2,3,1,2,0,3,0
07/11/2018,PT-05022-BM,Huarmey,7,0,0,0,0,0,0,0,0,0,0,0,0,0,0,0,0,0,0,0,0,10,64,2,0,0,0,0,0,0,0,0,0,0,0,0,0,0
08/11/2018,IO-22401-BM,Supe,12,0,0,0,0,0,0,1,0,0,1,1,4,6,8,9,17,18,23,31,31,22,17,14,12,10,3,6,2,1,2,0,0,0,0,0,0,0
09/11/2018,PL-18705-PM,San Andres,50,0,0,0,0,0,0,0,0,0,0,0,0,0,0,3,2,5,17,18,21,27,19,30,14,11,6,2,1,1,0,1,0,0,0,0,0,0
09/11/2018,IO-29194-BM,Bahía Independencia,4,1,2,0,0,3,0,1,0,1,3,2,1,0,1,7,4,1,7,3,6,3,1,2,3,1,2,1,0,1,4,1,3,1,1,2,1,0
10/11/2018,IO-5856-BM,Sechura (Matacaballo),4,0,0,0,0,0,0,0,0,0,0,0,0,0,0,0,2,3,1,12,9,10,30,21,23,30,33,19,17,13,9,2,1,1,0,1,0,0
10/11/2018,PT-6155-CM,Chimbote,7,0,0,0,0,1,1,1,0,0,1,1,0,1,3,1,2,3,2,0,1,0,5,0,1,1,0,1,1,1,1,1,2,0,1,1,3,0
12/11/2018,PL-22643-BM,Parachique,13,0,0,0,0,0,0,0,0,0,0,0,0,1,0,1,3,13,22,28,30,25,13,6,1,0,0,0,0,0,0,0,0,0,0,0,0,0
14/11/2018,PL-12806-BM,Callao,10,0,0,0,0,0,0,0,0,0,0,0,0,0,0,0,0,0,0,0,0,0,0,22,133,4,0,0,0,0,0,0,0,0,0,0,0,0
14/11/2018,CO-10793-CM,Punta Sal,11,0,0,0,0,0,0,0,0,0,0,0,0,0,0,0,0,0,5,5,8,16,16,5,5,2,0,0,0,0,0,0,0,0,0,0,0,0
15/11/2018,HO-12799-BM,Bahía Salinas,9,0,0,0,0,0,0,0,0,0,0,0,0,0,1,0,0,1,3,1,5,9,10,9,11,10,10,7,7,6,7,0,0,0,0,0,0,0
15/11/2018,PT-34356-BM,Punta Sal,8,0,0,0,0,0,0,0,0,0,0,0,0,0,0,0,0,3,29,81,82,16,1,0,0,0,0,0,0,0,0,0,0,0,0,0,0,0
16/11/2018,ZS-39140-BM,Sechura (Matacaballo),9,0,0,0,0,0,0,0,0,0,0,2,0,5,7,2,12,18,13,18,19,4,9,5,1,2,0,0,0,0,0,0,0,0,0,0,0,0
17/11/2018,TA-3579-BM,Pucusana,13,0,0,2,1,0,2,1,0,4,1,1,2,0,3,2,2,0,10,1,3,3,5,5,1,3,4,5,1,1,4,1,1,3,2,1,2,0
17/11/2018,ZS-38056-CM,Samanco,7,0,0,0,0,0,0,0,0,0,0,0,0,0,0,0,0,1,45,16,0,0,0,0,0,0,0,0,0,0,0,0,0,0,0,0,0,0
18/11/2018,ZS-18757-BM,Lobitos,1,0,0,0,0,0,0,0,0,0,0,0,0,0,2,7,11,34,29,46,46,39,18,11,2,2,1,0,0,0,0,0,0,0,0,0,0,0
19/11/2018,CO-22308-PM,Puerto Pizarro,223,0,0,0,0,0,0,0,1,0,1,7,3,8,4,5,17,17,19,18,12,18,8,5,4,1,1,2,0,0,0,0,0,0,0,0,0,0
19/11/2018,CE-41117-CM,Los Ferroles,7,0,1,0,0,2,1,2,1,0,4,1,2,3,3,1,1,7,1,7,2,5,2,3,6,5,4,4,2,3,5,4,2,0,2,2,1,0
20/11/2018,ZS-40575-BM,Las Delicias,9,0,0,0,0,0,0,0,0,0,0,0,0,0,0,0,0,0,0,0,0,0,0,2,2,17,44,23,3,1,0,0,0,0,0,0,0,0
20/11/2018,PT-15801-CM,Huarmey,58,0,0,0,0,0,0,0,0,0,0,0,0,0,0,0,0,2,3,5,5,8,12,18,21,26,15,11,5,7,1,0,0,0,0,0,0,0
20/11/2018,CO-22952-CM,Cancas,22,0,0,0,0,0,0,0,0,0,0,0,0,0,0,0,2,0,3,4,7,14,11,8,4,2,0,0,0,0,0,0,0,0,0,0,0,0
21/11/2018,PT-24636-BM,Puerto Pizarro,1,0,0,0,0,0,0,1,1,1,2,1,0,1,2,2,2,3,2,1,1,2,4,4,2,2,5,2,1,0,2,1,0,3,4,2,1,0
22/11/2018,MO-19311-BM,Végueta,3,0,0,0,0,0,0,0,0,0,0,0,0,0,0,0,0,0,0,0,0,0,0,0,2,50,66,19,0,0,0,0,0,0,0,0,0,0
22/11/2018,TA-33202-BM,Paita,5,0,0,0,0,0,0,0,0,0,0,0,0,0,0,0,0,0,0,1,5,25,44,61,45,26,13,2,0,0,0,0,0,0,0,0,0,0
22/11/2018,ZS-17121-BM,Chimbote,4,0,0,0,0,0,0,0,0,0,0,0,0,0,0,0,2,0,9,17,30,69,58,40,10,3,0,0,0,0,0,0,0,0,0,0,0,0
23/11/2018,PT-40966-CM,Chancay,2,0,0,0,0,0,0,0,0,0,0,0,0,0,0,0,0,3,6,10,21,13,6,1,1,0,0,0,0,0,0,0,0,0,0,0,0,0
23/11/2018,IQ-007099-PF,Supe,15,0,0,0,0,0,0,0,0,0,0,0,0,0,0,0,1,10,33,31,14,2,0,0,0,0,0,0,0,0,0,0,0,0,0,0,0,0
23/11/2018,TA-15256-BM,Samanco,4,0,1,1,3,2,2,2,3,0,3,6,2,3,4,6,9,6,5,7,7,4,6,5,10,9,5,4,6,5,6,8,4,4,3,2,4,0
24/11/2018,PL-50471-PM,Chorrillos,104,0,0,0,0,0,0,0,0,0,0,0,0,1,0,4,4,7,12,23,9,4,0,1,1,0,0,0,0,0,0,0,0,0,0,0,0,0
25/11/2018,ZS-18811-BM,Bayóvar,8,0,0,0,0,0,0,0,0,0,0,0,0,0,0,0,0,0,0,0,0,0,0,4,18,96,73,4,0,0,0,0,0,0,0,0,0,0
26/11/2018,CE-23162-CM,Bahía Salinas,8,0,0,1,0,3,0,0,1,3,5,6,0,0,1,4,5,2,5,6,4,8,5,5,4,4,4,8,6,7,11,1,5,3,4,7,4,0
26/11/2018,SY-064,Tambo de Mora,1,0,0,0,0,0,0,0,0,0,0,0,0,1,0,1,7,9,14,16,10,15,8,7,4,3,3,1,0,0,0,0,1,0,0,0,0,0
26/11/2018,CE-6226-BM,Punta La Negra,1,0,0,0,0,0,0,0,0,0,0,0,0,0,3,4,9,13,17,22,30,32,23,28,23,11,13,6,8,1,0,3,0,0,0,0,0,0
26/11/2018,PS-23465-BM,Bahía Independencia,3,0,0,0,0,0,0,0,0,0,0,0,0,0,0,0,0,3,6,5,11,15,18,17,15,10,2,5,2,1,0,0,0,0,0,0,0,0
27/11/2018,PT-4262-CM,Huarmey,16,0,0,1,0,0,1,1,2,1,2,0,0,2,1,0,3,0,1,2,1,1,1,0,2,3,0,0,1,1,2,1,3,2,1,1,2,0
27/11/2018,PS-0530-BM,Tambo de Mora,4,0,0,0,0,0,0,0,0,0,0,0,0,0,0,0,1,1,6,7,8,13,12,11,12,16,18,12,10,3,2,1,1,0,1,0,0,0
28/11/2018,PT-35155-BM,Los Ferroles,1,0,0,0,0,0,0,0,0,0,0,0,0,0,0,0,1,2,4,11,16,16,18,29,11,16,20,8,3,0,0,0,0,0,0,0,0,0
28/11/2018,TA-33202-BM,Pisco,5,0,0,0,0,0,0,0,0,0,0,0,0,2,5,10,19,29,26,23,17,13,17,9,9,1,1,0,0,1,0,0,0,0,0,0,0,0
29/11/2018,CO-16806-CM,Pisco,58,0,0,0,0,0,0,0,0,0,0,0,0,0,0,0,0,0,0,4,12,26,22,11,1,0,0,0,0,0,0,0,0,0,0,0,0,0
30/11/2018,IO-4491-BM,Lobitos,1,1,0,0,0,1,1,2,0,0,5,4,1,6,3,9,10,7,8,5,4,4,2,3,9,2,6,3,8,4,4,5,7,6,5,6,5,0
02/12/2018,PT-28168-BM,Puerto Viejo,2,0,0,0,0,0,0,0,0,0,0,0,0,0,0,0,2,7,19,37,25,27,12,4,3,1,0,0,0,0,0,0,0,0,0,0,0,0
03/12/2018,PL-5915-CM,Sechura (Matacaballo),34,0,0,0,0,0,0,0,0,0,0,0,0,0,0,1,2,1,2,5,11,20,18,21,14,19,15,9,9,2,1,1,2,1,0,0,0,0
04/12/2018,CO-5653-CM,Sechura (Matacaballo),20,0,0,0,0,0,0,0,0,0,0,0,0,0,0,0,1,8,16,31,32,28,30,11,3,0,0,0,0,0,0,0,0,0,0,0,0,0
07/12/2018,PL-18108-CM,Pimentel,5,0,0,0,0,0,0,0,0,0,0,0,2,3,6,16,19,30,44,36,26,30,19,10,5,1,0,0,0,0,0,0,0,0,0,0,0,0
07/12/2018,PS-13812-BM,Lobitos,2,0,1,1,0,1,2,1,1,8,3,3,1,3,5,2,3,4,5,4,4,7,3,4,3,5,5,3,5,3,3,4,5,2,2,4,5,0
08/12/2018,PT-22364-CM,Sechura (Matacaballo),27,0,0,0,0,0,0,0,0,0,0,0,0,0,0,0,2,6,20,21,47,24,22,7,1,1,0,0,0,0,0,0,0,0,0,0,0,0
08/12/2018,CE-0212-PM,Chimbote,179,0,0,0,0,0,0,0,0,0,0,2,0,3,6,11,17,29,27,24,16,18,13,9,4,1,0,0,0,0,0,0,0,0,0,0,0,0
09/12/2018,IO-28335-BM,Yacila,1,0,0,0,0,0,0,0,0,2,1,2,1,8,7,16,18,24,23,22,15,22,9,8,4,3,0,0,0,0,0,0,0,0,0,0,0,0
09/12/2018,CO-10313-PM,Punta La Negra,142,0,0,0,0,0,0,0,0,0,0,0,0,0,0,0,1,9,41,77,59,23,9,0,0,0,0,0,0,0,0,0,0,0,0,0,0,0
10/12/2018,IO-22813-CM,Eten,10,0,1,0,0,0,0,1,1,0,1,0,2,0,1,0,2,0,2,2,1,2,1,4,2,3,1,3,3,1,1,3,1,2,1,1,0,0
10/12/2018,CE-1855-PM,Carquín,78,0,0,0,0,0,0,0,0,0,0,0,0,0,0,0,0,2,1,3,7,16,19,24,26,28,22,18,18,12,13,5,2,5,4,0,0,0
10/12/2018,PT-33520-BM,Los Ferroles,2,0,0,0,0,0,0,0,0,1,0,0,0,2,5,7,12,12,24,25,28,26,25,17,12,12,9,4,0,1,0,0,0,0,0,0,0,0
10/12/2018,PT-27773-BM,Los Ferroles,5,0,0,0,0,0,0,0,0,0,0,0,0,0,0,0,0,0,0,2,54,123,18,0,0,0,0,0,0,0,0,0,0,0,0,0,0,0
12/12/2018,PT-4605-CM,Cancas,59,0,0,0,0,0,0,0,0,0,1,0,1,9,12,12,32,33,27,35,27,20,21,11,4,1,2,1,0,0,0,0,0,0,0,0,0,0
14/12/2018,PT-11103-BM,Coishco,7,0,0,0,0,0,0,0,0,0,1,0,0,5,2,13,12,20,23,26,25,29,19,19,15,16,9,5,1,1,0,0,0,0,0,0,0,0
14/12/2018,IO-38706-BM,Paita,5,0,0,0,0,0,0,0,0,0,0,0,0,0,0,0,3,8,19,32,12,1,0,0,0,0,0,0,0,0,0,0,0,0,0,0,0,0
14/12/2018,CO-18309-CM,Las Delicias,28,0,0,0,0,0,0,0,0,0,0,0,0,0,0,1,2,4,2,3,6,11,11,18,16,19,27,26,22,15,21,10,6,5,4,2,1,0
14/12/2018,PS-0664-BM,Pacasmayo,1,0,0,0,0,0,0,0,0,0,0,0,0,0,0,4,4,4,14,16,14,21,23,23,19,17,15,11,8,3,2,0,0,1,0,0,0,0
15/12/2018,PL-18035-BM,Zorritos,7,0,0,0,0,0,0,0,0,0,0,0,0,0,0,0,0,0,0,0,0,2,9,32,43,29,10,2,0,0,0,0,0,0,0,0,0,0
16/12/2018,TA-31099-BM,Huacho,6,0,0,0,0,0,1,0,0,0,1,1,1,1,1,2,0,1,0,1,1,0,1,1,2,0,4,1,0,0,0,1,1,0,1,0,2,0
17/12/2018,TA-35026-CM,Chicama (Malabrigo),11,0,0,0,0,0,0,0,0,0,0,0,0,0,2,3,12,25,49,36,23,8,4,0,0,0,0,0,0,0,0,0,0,0,0,0,0,0
17/12/2018,CE-36428-CM,Samanco,9,0,0,0,0,0,0,0,0,0,0,0,0,1,2,0,9,2,12,8,13,10,21,13,23,16,8,10,9,3,3,1,1,0,0,0,0,0
17/12/2018,PL-2129-BM,Los Ferroles,15,0,0,0,0,0,0,0,0,0,0,0,0,0,0,0,0,0,0,0,1,1,2,9,9,12,16,15,8,10,4,0,1,1,0,0,0,0
19/12/2018,PS-0071-BM,Ancón,4,0,0,0,0,0,0,0,0,0,0,2,0,1,3,7,3,13,11,11,15,6,20,9,12,5,3,0,2,1,0,0,0,0,0,0,0,0
20/12/2018,TA-32737-BM,Puerto Rico,2,0,0,0,0,0,0,0,0,0,0,0,0,0,7,13,18,19,30,35,40,31,16,16,3,1,0,0,0,0,0,0,0,0,0,0,0,0
21/12/2018,PT-6161-CM,Yacila,9,0,0,0,0,0,0,0,0,0,0,0,0,0,0,0,0,1,2,6,4,11,12,15,10,9,5,4,0,0,0,0,0,0,0,0,0,0
22/12/2018,PS-15475-BM,Santa Rosa,4,0,0,0,0,0,0,0,0,0,0,0,0,0,0,0,0,0,0,0,0,0,0,2,65,38,0,0,0,0,0,0,0,0,0,0,0,0
22/12/2018,PS-22736-BM,Punta La Negra,5,0,0,0,0,0,0,0,0,0,0,0,0,2,4,5,8,13,17,13,18,22,14,10,3,2,0,1,0,0,0,0,0,0,0,0,0,0
23/12/2018,"ZS-39935-B,",Santa Rosa,2,0,0,0,0,0,0,0,0,0,0,2,1,1,1,5,9,5,18,19,22,23,17,17,15,11,5,1,4,1,3,1,3,0,0,0,0,0
24/12/2018,PS-13810-BM,Parachique,3,0,0,0,0,0,0,0,0,0,0,0,0,0,0,0,0,0,0,0,0,3,10,11,11,14,13,12,5,10,7,0,0,1,0,1,0,0
25/12/2018,TA-06038-CM,Puerto Pizarro,16,0,0,0,0,0,0,0,0,0,0,1,0,1,5,3,12,9,10,6,5,6,6,5,4,2,2,2,0,0,0,0,0,0,0,0,0,0
25/12/2018,HO-1766-CM,Zorritos,1,0,0,0,0,0,0,0,0,0,0,0,0,0,0,0,0,0,0,0,1,1,7,18,11,17,19,13,3,0,0,0,0,0,0,0,0,0
25/12/2018,PL-32937-BM,Chimbote,6,0,0,0,0,0,0,0,0,0,0,0,0,0,0,0,0,0,2,20,47,48,17,7,0,0,0,0,0,0,0,0,0,0,0,0,0,0
26/12/2018,CE-13955-BM,Pimentel,2,0,0,0,0,0,0,0,0,0,0,0,0,0,1,3,3,3,4,7,9,6,9,8,3,0,3,0,0,0,0,0,0,0,0,0,0,0
26/12/2018,PS-3618-BM,Casma,1,0,0,0,0,0,0,0,0,0,0,0,0,0,0,0,0,0,0,3,1,14,11,14,24,14,20,11,17,5,4,4,3,2,0,0,0,0
27/12/2018,PL-21578-BM,Culebras,1,0,0,0,0,0,0,0,0,0,0,0,0,0,0,0,0,0,0,0,0,0,0,0,20,58,5,0,0,0,0,0,0,0,0,0,0,0
28/12/2018,MO-35563-BM,Máncora,1,0,0,0,0,0,0,0,0,0,0,0,0,0,0,0,0,0,1,3,17,24,52,55,35,17,3,0,0,0,0,0,0,0,0,0,0,0
31/12/2018,ZS-19515-BM,Zorritos,1,0,0,0,0,0,0,0,0,0,0,0,1,3,3,2,5,13,7,27,22,31,23,15,17,9,6,5,3,4,1,0,0,0,0,0,0,0
31/12/2018,ZS-1786-BM,Chimbote,7,0,0,0,0,0,0,0,0,0,0,0,0,0,0,3,0,6,8,3,11,6,4,8,9,6,4,4,5,0,0,1,0,0,0,0,0,0
03/01/2019,IO-21444-CM,Tortugas,12,0,0,0,0,0,0,0,0,0,0,0,1,0,1,1,5,6,10,7,22,19,16,18,12,13,4,2,2,1,0,0,0,0,0,0,0,0
03/01/2019,PT-3349-BM,Pucusana,22,0,0,0,0,0,0,0,0,0,0,0,0,0,0,0,0,0,0,0,0,12,11,36,53,46,41,25,4,1,0,0,0,0,0,0,0,0
03/01/2019,CO-21607-BM,Tierra colorada,5,0,0,0,0,0,0,0,0,0,0,1,1,1,3,2,5,14,12,19,16,14,6,3,1,1,0,0,0,0,0,0,0,0,0,0,0,0
04/01/2019,ZS-18311-BM,Puerto Rico,6,0,0,0,0,0,0,0,0,0,0,0,0,0,0,3,2,7,19,18,30,39,33,20,17,11,2,2,0,0,0,0,0,0,0,0,0,0
04/01/2019,PS-17335-BM,Sechura (Matacaballo),2,0,0,0,0,0,1,0,0,0,1,2,1,0,2,0,1,4,2,2,1,4,2,3,1,0,2,1,1,2,2,1,2,0,0,1,1,0
05/01/2019,PS-0566-BM,Chorrillos,1,0,0,0,0,0,0,0,0,0,0,0,0,2,1,6,9,18,24,21,24,17,12,7,2,0,0,0,0,0,0,0,0,0,0,0,0,0
05/01/2019,SY-38263-BM,Bujuma,4,0,0,0,0,0,0,0,0,0,0,0,0,0,0,0,0,0,1,2,0,3,10,11,17,15,21,16,18,11,6,5,0,0,0,0,0,0
06/01/2019,PS-2841-BM,Tortugas,1,0,0,0,0,0,0,0,0,0,0,0,0,0,0,0,0,1,0,2,23,21,12,2,2,1,0,0,0,0,0,0,0,0,0,0,0,0
06/01/2019,PT-26157-BM,Salaverry,3,0,0,0,0,0,0,0,0,0,0,0,0,0,1,1,0,4,6,6,8,14,13,21,23,22,26,19,12,9,10,7,4,1,0,0,0,0
07/01/2019,CO-28649-CM,Salaverry,5,0,0,0,0,0,0,0,0,0,0,0,0,0,2,3,14,38,43,38,23,7,6,1,0,0,0,0,0,0,0,0,0,0,0,0,0,0
07/01/2019,CO-34909-BM,San Andres,3,0,0,0,0,0,0,0,0,0,0,0,1,0,0,1,2,1,7,3,9,9,10,11,20,9,5,5,4,2,0,1,0,2,0,0,0,0
08/01/2019,CE-2457-PM,Puerto Rico,5,0,0,0,0,0,0,0,0,0,0,0,0,0,0,0,0,0,0,0,0,4,35,80,39,3,0,0,0,0,0,0,0,0,0,0,0,0
08/01/2019,ZS-18245-BM,Sechura (Matacaballo),2,0,0,0,0,0,0,0,1,0,0,1,3,4,3,9,9,15,10,11,24,12,17,8,5,3,1,2,0,0,0,0,0,0,0,0,0,0
10/01/2019,PL-4844-BM,Callao,17,0,0,1,1,1,2,1,0,1,1,0,4,3,1,2,2,1,4,2,3,4,1,2,1,2,2,1,2,6,0,5,0,1,5,1,3,0
11/01/2019,TA-29163-BM,Pimentel,2,0,0,0,0,0,0,0,0,0,0,1,0,4,4,15,17,22,26,22,23,16,11,1,4,2,0,0,0,0,0,0,0,0,0,0,0,0
12/01/2019,PT-25868-BM,Sechura (Matacaballo),1,0,0,0,0,0,0,0,0,0,0,1,0,0,2,6,7,6,10,16,11,14,9,14,14,11,15,0,3,3,1,3,0,1,0,0,0,0
13/01/2019,IO-5934-BM,Lobitos,1,0,0,0,0,0,0,0,0,0,0,0,0,0,0,0,1,0,6,16,37,42,14,8,2,0,0,0,0,0,0,0,0,0,0,0,0,0
13/01/2019,IO-21444-CM,Chimbote,1,0,0,0,0,0,0,0,0,1,1,0,3,3,4,5,4,11,13,9,9,13,6,7,2,2,1,4,0,0,0,0,0,0,0,0,0,0
13/01/2019,ZS-6034-BM,Bahía Salinas,2,0,0,0,0,0,0,0,0,0,0,0,0,0,0,0,0,0,0,0,1,11,17,39,44,29,8,4,1,0,0,0,0,0,0,0,0,0
13/01/2019,CO-4882-BM,Las Delicias,5,0,0,0,0,0,0,0,0,0,0,0,0,0,0,1,1,3,11,16,32,41,41,26,17,9,3,1,3,0,0,0,0,0,0,0,0,0
13/01/2019,ZS-6506-BM,Juan Pablo,3,0,0,0,0,0,0,0,0,0,0,0,0,0,0,0,0,2,4,6,10,18,11,12,17,11,12,14,5,4,0,0,0,0,0,0,0,0
14/01/2019,HO-04663-CM,Las Delicias,29,0,1,0,0,0,2,1,0,1,1,3,0,2,2,0,1,4,1,0,3,4,3,0,2,1,0,0,3,1,1,1,1,1,0,0,0,0
15/01/2019,PS-18423-BM,Yacila,3,0,0,0,0,0,0,0,0,0,0,0,0,0,0,0,0,0,0,1,0,0,10,8,11,11,12,5,5,2,2,1,1,0,0,0,0,0
15/01/2019,IO-10437-PM,Puerto Viejo,249,0,0,0,0,0,0,0,0,0,0,0,0,0,0,0,0,2,5,7,17,26,31,35,16,16,16,6,1,2,1,0,0,0,0,0,0,0
15/01/2019,CE-21140-CM,San Andres,2,0,0,0,0,0,0,0,0,0,0,0,0,0,0,0,8,8,15,15,18,6,4,0,0,0,0,0,0,0,0,0,0,0,0,0,0,0
16/01/2019,PT-30483-BM,Casma,5,0,0,0,0,0,0,0,0,0,0,0,0,0,0,1,0,1,2,4,2,6,6,13,10,10,5,4,4,3,2,0,0,0,0,0,0,0
16/01/2019,CE-2034-CM,Paita,7,0,0,0,0,0,0,0,0,0,0,0,0,0,1,1,3,5,8,14,20,19,29,25,25,9,7,2,1,2,0,0,0,0,0,0,0,0
16/01/2019,IO-11357-BM,Chancay,1,0,0,0,0,0,0,0,0,0,0,0,0,0,0,0,2,58,100,3,0,0,0,0,0,0,0,0,0,0,0,0,0,0,0,0,0,0
17/01/2019,PT-29224-CM,Máncora,26,0,0,0,0,0,0,0,0,0,0,0,0,0,0,4,5,8,12,15,16,21,23,9,5,3,0,1,0,0,0,0,0,0,0,0,0,0
17/01/2019,ZS-19519-BM,Punta La Negra,4,0,0,0,0,0,0,0,0,0,0,0,2,2,1,1,7,9,14,20,20,25,32,22,25,18,19,7,7,6,5,1,2,0,0,1,0,0
17/01/2019,CE-34183-BM,Pucusana,2,0,0,0,0,0,0,0,0,0,0,0,0,0,0,0,5,8,22,36,38,27,28,4,4,0,0,0,0,0,0,0,0,0,0,0,0,0
18/01/2019,IO-28665-BM,Ancón,1,0,0,0,0,0,0,0,0,0,0,0,0,0,0,0,0,2,4,6,10,14,9,5,1,0,0,0,0,0,0,0,0,0,0,0,0,0
20/01/2019,IO-28335-BM,Casma,1,0,0,0,0,0,0,0,0,0,0,0,0,0,0,0,0,0,0,0,0,3,11,48,57,42,17,2,1,0,0,0,0,0,0,0,0,0
21/01/2019,PT-2578-BM,Santa Rosa,19,0,0,0,0,0,0,0,0,0,0,0,0,1,2,5,4,9,5,5,18,15,14,15,14,10,7,5,1,0,0,0,0,0,0,0,0,0
21/01/2019,ZS-17150-BM,Casma,6,0,0,0,0,0,0,0,0,0,0,0,4,3,12,22,15,25,24,27,21,10,8,3,0,0,0,0,0,0,0,0,0,0,0,0,0,0
21/01/2019,CO-16603-CM,Chicama (Malabrigo),14,0,0,0,0,0,0,0,0,0,0,0,0,0,0,0,0,0,1,2,28,32,20,0,1,0,0,0,0,0,0,0,0,0,0,0,0,0
22/01/2019,SY-23410-BM,Végueta,1,0,0,0,0,0,0,0,0,0,0,0,0,0,0,0,3,8,14,20,45,33,38,39,23,14,4,5,1,0,1,0,0,0,0,0,0,0
22/01/2019,ZS-5952-BM,Cancas,6,0,0,0,0,0,0,0,0,0,0,0,0,0,0,0,0,0,0,1,5,9,8,12,13,16,12,13,11,5,6,6,3,1,0,0,0,0
22/01/2019,CO-20285-PM,Bahía Independencia,126,0,0,0,0,0,0,0,0,0,0,1,0,0,0,5,7,8,11,12,5,15,9,15,9,7,6,0,0,0,0,0,0,0,0,0,0,0
23/01/2019,ZS-13647-BM,Yacila,6,0,0,0,1,0,1,4,1,1,4,3,2,1,8,4,0,5,1,7,5,11,5,2,9,5,4,4,7,4,1,4,5,6,0,1,3,0
25/01/2019,SN-11854-BM,Huanchaco,2,0,0,0,0,0,0,0,0,0,0,0,0,0,0,0,0,0,0,0,0,0,106,38,0,0,0,0,0,0,0,0,0,0,0,0,0,0
25/01/2019,TA-34497-CM,Samanco,23,0,0,0,0,0,0,0,0,0,0,0,0,0,0,0,0,0,0,0,0,0,6,7,14,9,12,8,14,8,2,1,2,0,0,0,0,0
25/01/2019,ZS-2742-BM,Huanchaco,9,0,0,0,0,0,0,0,0,1,0,0,3,4,5,3,6,18,12,18,17,16,12,14,8,4,3,0,2,0,0,1,0,0,0,0,0,0
26/01/2019,CE-29728-BM,Salaverry,4,0,0,0,0,0,0,0,0,0,0,0,0,1,3,8,14,24,15,32,23,14,10,6,4,2,0,0,0,0,0,0,0,0,0,0,0,0
27/01/2019,PT-39172-BM,Cerro Azul,3,0,0,0,0,0,0,0,0,0,0,1,1,1,5,9,23,27,28,32,16,14,2,2,2,0,0,0,0,0,0,0,0,0,0,0,0,0
28/01/2019,ZS-39408-BM,Ancón,7,0,0,0,0,0,0,0,0,0,0,0,0,0,0,0,0,0,8,11,32,32,45,26,11,6,0,1,0,0,0,0,0,0,0,0,0,0
28/01/2019,ZS-18794-BM,Huanchaco,20,0,0,0,0,0,0,0,0,0,0,0,0,0,1,0,0,0,5,7,9,8,15,19,15,22,11,9,6,2,1,1,0,0,0,0,0,0
29/01/2019,PT-12970-PM,Sechura (Matacaballo),284,0,0,0,0,0,0,0,0,0,0,0,0,0,0,0,0,0,2,0,4,2,5,6,11,10,12,20,8,10,7,1,7,0,1,0,0,0
29/01/2019,TA-2085-BM,Talara,6,0,0,0,0,0,0,0,0,0,0,0,0,0,0,0,0,0,0,0,0,16,112,21,0,0,0,0,0,0,0,0,0,0,0,0,0,0
30/01/2019,PL-37446-BM,Salaverry,1,0,0,0,0,0,0,0,0,0,0,0,0,0,1,0,2,2,9,12,21,18,31,33,22,22,20,9,12,10,2,0,1,0,0,0,0,0
31/01/2019,TA-31637-BM,Puerto Viejo,8,0,0,0,0,0,0,0,0,0,0,0,0,0,0,0,3,0,0,2,6,12,18,26,33,22,18,10,10,2,1,0,0,0,0,0,0,0
31/01/2019,PL-2756-BM,Punta La Negra,2,0,0,0,0,0,0,0,0,0,0,0,1,0,2,2,4,24,12,35,20,35,14,15,7,11,1,4,0,0,0,0,0,0,0,0,0,0
02/02/2019,IO-27248-BM,Cancas,9,0,0,0,0,0,0,0,0,0,1,0,0,0,0,3,3,7,7,13,15,22,21,16,17,11,7,7,2,2,2,0,0,0,0,0,0,0
04/02/2019,IO-10689-BM,Callao,5,0,0,0,0,0,1,0,0,0,1,3,4,11,12,12,17,24,26,25,19,13,7,10,4,3,2,1,0,0,0,0,0,0,0,0,0,0
05/02/2019,PT-30427-BM,Las Delicias,3,0,0,0,0,0,0,0,0,0,0,0,0,0,0,1,5,8,16,23,20,20,18,5,6,0,0,0,0,0,0,0,0,0,0,0,0,0
06/02/2019,CO-31612-BM,Pisco,6,0,0,0,0,0,0,0,0,0,0,0,0,0,0,0,0,1,59,97,1,0,0,0,0,0,0,0,0,0,0,0,0,0,0,0,0,0
06/02/2019,ZS-21184-BM,Culebras,1,0,0,0,0,0,0,0,0,0,0,0,0,0,0,0,0,0,0,0,0,0,3,29,39,27,12,2,1,0,0,0,0,0,0,0,0,0
06/02/2019,PS-14176-BM,Supe,4,0,0,0,0,0,0,0,0,0,0,2,2,4,3,13,10,20,20,17,16,14,9,5,4,3,0,0,0,0,0,0,0,0,0,0,0,0
08/02/2019,PS-17333-BM,Végueta,1,0,0,0,0,0,0,0,0,0,0,0,0,0,0,0,2,7,37,52,51,18,2,0,0,0,0,0,0,0,0,0,0,0,0,0,0,0
11/02/2019,CE-2993-BM,Bahía Salinas,1,0,0,0,0,0,0,0,0,0,0,0,1,1,1,3,7,5,9,13,18,13,10,12,9,8,4,2,1,0,0,0,0,0,0,0,0,0
12/02/2019,TA-29964-BM,Punta Sal,5,0,0,2,0,4,1,0,2,2,2,3,3,3,4,2,3,3,5,9,3,4,2,11,5,6,0,6,5,5,7,1,5,3,3,3,0,0
13/02/2019,CO-22931-BM,Máncora,8,0,0,0,0,0,0,0,0,0,0,0,0,0,0,0,0,0,0,2,8,36,59,34,35,18,11,2,0,0,0,0,0,0,0,0,0,0
13/02/2019,CO-18295-CM,Máncora,6,0,0,0,0,0,0,0,0,0,0,0,2,1,2,3,5,11,12,8,7,12,16,11,6,7,2,3,3,0,0,1,0,0,0,0,0,0
13/02/2019,PL-38989-CM,Sechura (Matacaballo),6,0,0,0,0,0,0,0,0,0,0,0,0,0,2,2,7,15,13,9,4,2,0,0,0,0,0,0,0,0,0,0,0,0,0,0,0,0
14/02/2019,PT-24626,Chimbote,4,0,0,0,0,0,0,0,0,0,0,0,0,0,0,0,0,0,1,1,2,7,6,7,6,5,12,4,1,0,0,0,0,0,0,0,0,0
14/02/2019,CE-41461-BM,Sechura (Matacaballo),4,0,0,0,0,0,0,0,0,0,0,0,0,0,0,0,0,0,0,0,0,0,4,7,15,31,53,42,28,11,9,1,0,0,0,0,0,0
16/02/2019,PT-40809-BM,Carquín,2,0,0,0,0,0,0,0,0,0,0,0,0,0,0,0,0,0,0,3,41,75,61,47,9,2,0,0,0,0,0,0,0,0,0,0,0,0
16/02/2019,PS-0611-PM,San Jose,35,0,0,0,0,0,0,0,0,0,0,0,0,0,0,0,0,0,0,0,0,0,0,2,113,37,0,0,0,0,0,0,0,0,0,0,0,0
17/02/2019,PT-22171-BM,Chimbote,3,0,0,0,0,0,0,0,0,0,0,0,0,0,0,0,0,0,0,0,0,0,0,14,106,67,3,0,0,0,0,0,0,0,0,0,0,0
17/02/2019,SN-4526-BM,Supe,6,0,0,0,0,0,0,0,0,0,0,0,0,2,4,5,13,18,24,26,29,16,25,13,4,4,0,0,0,0,0,0,0,0,0,0,0,0
18/02/2019,ZS-2797-BM,Chancay,5,0,0,0,0,0,0,0,0,0,0,0,0,0,0,0,0,0,3,12,17,27,31,33,21,8,3,1,0,0,0,0,0,0,0,0,0,0
18/02/2019,PT-34806-BM,Chicama (Malabrigo),3,0,0,0,0,0,0,0,0,0,0,0,0,0,0,0,0,0,0,0,2,3,5,9,26,23,30,21,20,7,7,3,3,1,0,0,0,0
19/02/2019,PL-13776-CM,Samanco,11,0,0,0,0,0,0,0,0,0,0,0,0,0,1,0,0,3,5,6,9,12,12,19,12,12,5,3,3,1,0,0,0,0,0,0,0,0
19/02/2019,CE-29161-BM,Tambo de Mora,1,0,0,0,0,0,0,0,0,0,0,0,0,0,0,0,0,0,0,0,0,2,6,13,21,38,37,30,20,15,6,0,0,0,0,0,0,0
19/02/2019,TA-36402-BM,Samanco,5,0,0,1,0,2,2,1,2,2,2,5,4,6,3,5,5,4,8,3,2,5,5,5,4,4,4,8,1,1,4,3,6,4,1,4,2,0
21/02/2019,IO-22957-BM,Ancón,12,0,0,2,2,2,1,2,3,4,6,8,4,2,7,6,7,5,5,4,5,6,6,4,6,7,4,10,3,2,6,4,3,5,1,0,4,0
21/02/2019,PL-27492-BM,Pucusana,2,0,0,0,0,0,0,0,0,0,0,0,0,0,0,0,0,0,0,0,0,0,0,2,7,45,56,51,18,3,0,0,0,0,0,0,0,0
23/02/2019,PT-43418-CM,Lobitos,5,0,0,0,0,0,0,0,0,0,0,0,0,0,0,0,0,0,0,1,4,5,12,18,13,9,5,1,0,0,0,0,0,0,0,0,0,0
23/02/2019,TA-37159-BM,Puerto Viejo,7,0,0,0,0,0,0,0,0,0,0,0,0,0,0,0,1,0,1,4,4,4,7,10,7,14,7,9,9,2,2,7,2,1,1,0,0,0
26/02/2019,PT-34949-BM,Puerto Rico,4,0,0,0,0,0,0,0,0,0,0,1,1,0,0,2,0,1,2,2,3,0,1,3,2,1,0,1,0,0,1,1,2,1,2,1,1,0
01/03/2019,PL-5495-CM,San Andres,19,0,0,0,0,0,0,0,0,0,0,0,0,0,0,0,1,4,11,14,19,13,10,10,5,3,1,1,0,0,0,0,0,0,0,0,0,0
02/03/2019,SY-20901-BM,Supe,6,0,0,0,0,0,0,0,0,0,0,0,0,0,0,0,0,0,0,0,0,1,10,12,24,16,5,0,0,0,0,0,0,0,0,0,0,0
03/03/2019,CO-18433-CM,Ancón,89,0,0,0,0,0,0,0,0,0,0,0,0,0,1,0,3,7,14,8,22,30,27,18,7,4,1,2,1,0,0,0,0,0,0,0,0,0
03/03/2019,TA-35392-BM,Salaverry,2,0,0,0,0,0,0,0,0,0,0,0,0,0,0,0,0,0,0,0,0,2,2,3,12,15,10,5,4,4,1,0,0,0,0,0,0,0
04/03/2019,TA-35386-BM,Chimbote,5,0,0,0,0,0,0,0,0,0,0,0,0,0,1,1,4,7,9,10,15,27,25,19,22,24,23,14,14,12,7,4,1,0,0,0,0,0
04/03/2019,PT-33496-BM,Tortugas,3,0,0,0,0,0,0,0,0,0,0,0,0,0,0,0,2,4,5,3,10,7,7,7,15,7,6,4,2,2,0,1,0,0,0,0,0,0
06/03/2019,PS-1629-BM,Casma,1,1,1,0,1,0,0,0,2,0,1,4,5,2,5,5,4,1,6,5,4,7,7,4,3,6,7,1,5,8,4,2,6,7,2,5,3,0
07/03/2019,PT-5528-CM,Coishco,14,0,0,0,0,0,0,0,0,0,0,0,0,0,0,1,18,23,42,32,15,1,1,0,0,0,0,0,0,0,0,0,0,0,0,0,0,0
10/03/2019,PT-28015-BM,San Jose,2,0,0,0,0,0,0,0,0,0,0,0,0,0,0,0,2,1,2,4,7,8,6,9,14,19,10,10,5,2,2,0,1,1,0,0,0,0
10/03/2019,PS-15474-BM,Puerto Rico,4,0,0,0,2,0,2,3,1,1,2,3,2,4,4,2,2,3,3,3,10,4,3,6,2,3,2,5,4,2,2,6,0,5,2,2,3,0
11/03/2019,ZS-38578-CM,Parachique,1,0,0,0,0,0,0,0,0,0,0,0,0,0,0,0,0,1,5,9,11,17,24,28,14,12,4,1,0,0,0,0,0,0,0,0,0,0
13/03/2019,PS-1611-BM,Bayóvar,1,0,0,0,0,0,0,0,0,0,0,0,0,0,0,0,0,0,1,3,3,3,10,11,16,17,16,6,10,5,3,1,0,0,0,0,0,0
13/03/2019,CE-1863-PM,Callao,250,0,0,0,0,0,0,0,0,0,0,0,0,0,0,0,0,0,0,0,8,42,73,61,19,2,0,0,0,0,0,0,0,0,0,0,0,0
14/03/2019,PT-5827-CM,Samanco,10,0,0,0,0,0,0,0,0,0,0,0,0,2,2,7,23,32,40,17,14,6,0,0,0,0,0,0,0,0,0,0,0,0,0,0,0,0
15/03/2019,PL-0036-CM,Puerto Pizarro,15,0,0,0,0,0,0,0,0,0,0,3,3,3,8,5,16,7,21,10,10,10,8,4,8,7,0,0,0,0,0,0,0,0,0,0,0,0
17/03/2019,ZS-26549-BM,Bahía Independencia,7,0,0,0,0,0,0,0,0,0,0,0,0,0,0,0,0,0,0,0,0,0,6,13,44,35,3,1,0,0,0,0,0,0,0,0,0,0
18/03/2019,SY-25207-BM,San Jose,2,0,0,0,0,0,0,0,0,0,0,0,0,0,0,0,0,0,0,0,0,0,0,0,6,102,76,1,0,0,0,0,0,0,0,0,0,0
24/03/2019,IO-31409-BM,Bahía Salinas,5,0,0,0,0,0,0,0,0,0,0,0,0,0,0,0,0,0,8,16,21,28,22,18,8,0,0,0,0,0,0,0,0,0,0,0,0,0
