"fecha","lon","lat"
2015-05-01,-75.1549128951791,-17.9695813631375
2015-05-01,-73.7487396501208,-17.5518323693723
2015-05-01,-76.8569480074775,-16.6472234662271
2015-05-01,-75.5762460130278,-19.6996043533122
2015-05-01,-76.5485051665577,-15.1655644267235
2015-05-02,-79.8643453885285,-14.639439535222
2015-05-02,-80.2999065626466,-12.7742790768504
2015-05-02,-77.0384577733164,-17.9496014330791
2015-05-02,-81.2504406705076,-8.86259249897772
2015-05-03,-79.5944370778686,-12.8663801426911
2015-05-03,-73.2659248741562,-18.8381501054706
2015-05-03,-77.5480746376488,-16.6428251587766
2015-05-04,-78.6008689580612,-13.2992530950362
2015-05-04,-78.4396858791055,-14.9045463990919
2015-05-04,-75.9046690749946,-18.3319261871574
2015-05-05,-73.7684800473054,-18.5382884313235
2015-05-05,-80.6735066678639,-10.1444612847236
2015-05-05,-81.6204670093271,-9.54428897547215
2015-05-05,-76.2855421146316,-19.0092684845028
2015-05-05,-79.2240666200632,-14.7921757506098
2015-05-06,-77.7415292716235,-14.7438796466676
2015-05-06,-79.0997121079957,-12.5988929234462
2015-05-07,-79.993397553439,-7.90852223837209
2015-05-07,-78.3838906480018,-14.764236329391
2015-05-07,-76.6788131576338,-16.18264789925
2015-05-07,-72.7965634000109,-18.5435963473393
2015-05-07,-75.2743779813406,-18.5119840925015
2015-05-07,-82.4273318932157,-10.3973542203498
2015-05-08,-82.6277845786513,-9.31729013847807
2015-05-08,-74.3764915819758,-18.6971383244317
2015-05-08,-74.179211310923,-17.6011451614537
2015-05-09,-79.5302796976502,-10.2991635744488
2015-05-09,-78.7852826778942,-12.6900032338243
2015-05-09,-79.8260535091538,-13.8383658417223
2015-05-09,-74.5206198236774,-19.2444453023932
2015-05-10,-76.2390758245447,-16.4054031789012
2015-05-10,-81.0376414185855,-11.7964642477354
2015-05-11,-75.0610875442015,-18.0943803978723
2015-05-11,-76.0535979056612,-17.8882073545658
2015-05-12,-78.7437187901464,-14.97793287053
2015-05-12,-78.9301717647868,-12.6501889242509
2015-05-12,-82.0150925815562,-6.99940272559389
2015-05-12,-78.1662605239236,-15.8930923440346
2015-05-12,-71.8677933614911,-19.3720469914678
2015-05-12,-79.814188113965,-8.47919266043728
2015-05-13,-81.0216873959936,-11.3165736782015
2015-05-13,-73.8887292682929,-17.7522765439081
2015-05-13,-79.3013085419129,-12.7222969708733
2015-05-13,-74.2001593973366,-16.7632316126717
2015-05-14,-78.9522090250094,-16.6760341721221
2015-05-14,-75.344527185218,-18.3135111751162
2015-05-15,-82.6507198649117,-5.54439252726377
2015-05-16,-74.4457617727369,-19.4168921472886
2015-05-16,-72.988811545634,-18.2120726283828
2015-05-16,-77.4896095066059,-17.6301495028804
2015-05-16,-73.6231299028269,-18.278297747269
2015-05-17,-73.922445434099,-19.5212905313065
2015-05-17,-82.7636825943174,-8.03245559546725
2015-05-17,-77.3019385954051,-18.5574156970734
2015-05-17,-77.7389842895138,-15.452897173847
2015-05-18,-75.1100303603502,-17.8493893661908
2015-05-18,-81.1039083748188,-9.9039169072167
2015-05-18,-80.2948876617406,-10.1092311610767
2015-05-18,-74.8232581220965,-16.9839878904503
2015-05-19,-82.4640794169158,-7.13612311283407
2015-05-19,-77.0648953501196,-15.5121637853549
2015-05-20,-80.9544812060247,-13.0186082743841
2015-05-20,-80.9603386465229,-10.7856713941487
2015-05-21,-77.5679409564872,-19.4522766828644
2015-05-21,-80.5073608667126,-14.964374350634
2015-05-21,-83.446167780262,-8.40662091372902
2015-05-21,-78.4767275181249,-13.1785073837248
2015-05-22,-80.0426126673303,-9.53074420052032
2015-05-22,-83.142796476482,-5.03015246719523
2015-05-23,-77.971638215244,-16.6731663731462
2015-05-23,-78.1332400596997,-17.5357385333938
2015-05-23,-75.4429349134906,-17.3798825570461
2015-05-23,-78.9199125499701,-12.9499341129538
2015-05-24,-74.0148461718039,-19.9083656464111
2015-05-24,-78.3576358319949,-18.0950286743262
2015-05-24,-78.8403108260127,-16.0334749435338
2015-05-24,-79.9163277176218,-13.2385324799436
2015-05-24,-75.5841545599823,-19.5821375980759
2015-05-24,-74.6330043280624,-19.7455514705883
2015-05-24,-82.9704600499102,-6.83450065928082
2015-05-24,-81.5106299744467,-4.91753157379659
2015-05-24,-73.8329849915109,-19.0786805112076
2015-05-24,-80.158946595325,-11.8022923888654
2015-05-25,-73.3178910488188,-18.9138299175925
2015-05-25,-80.6911979276517,-7.37987413861666
2015-05-25,-78.9843551781157,-16.973132881132
2015-05-25,-78.5864587738444,-12.9828982118232
2015-05-25,-77.1323387335476,-16.3680560211598
2015-05-26,-77.5405473134662,-17.3924483721853
2015-05-26,-81.7216796689694,-6.06639436727886
2015-05-26,-77.7032240997034,-16.7329415449151
2015-05-27,-81.2452289235899,-9.57136146096748
2015-05-27,-77.2286669161518,-15.4105353717403
2015-05-28,-74.6022542337263,-19.0919616978685
2015-05-28,-81.9791966173472,-9.34706868942263
2015-05-29,-82.602496764453,-8.77334588156845
2015-05-29,-77.9403483734469,-17.6248301881846
2015-05-29,-81.4109106916136,-10.5898448440822
2015-05-29,-81.3127429023929,-8.0197348444081
2015-05-29,-79.6829023140701,-9.63961184976118
2015-05-29,-75.2440951369119,-18.8872937344014
2015-05-30,-80.8288662785341,-11.2555820919875
2015-05-30,-81.2307455294996,-14.7724248775537
2015-05-31,-76.4636881764099,-15.4977727099921
2015-05-31,-82.6873328775747,-5.26709566425071
2015-06-01,-75.8494275774465,-17.4353641782038
2015-06-01,-81.3548178523476,-8.80567545961364
2015-06-02,-80.3844535229909,-10.9973440428192
2015-06-02,-78.3265146039125,-17.2085671770288
2015-06-02,-75.4660412629549,-19.7917897871064
2015-06-03,-80.1564681503884,-16.2414170284221
2015-06-03,-79.9116676571129,-16.654532701922
2015-06-03,-78.8957424626825,-16.4963345241318
2015-06-04,-73.7727782750505,-19.3606842887197
2015-06-04,-81.743242471764,-12.5182273739665
2015-06-04,-72.1972130635717,-18.1046609312016
2015-06-04,-79.3369779502824,-16.7196417501366
2015-06-05,-81.632125220935,-9.84810499029906
2015-06-05,-78.1820138991226,-14.3531039384887
2015-06-05,-76.6217716333595,-18.9676944409115
2015-06-05,-74.6664116516085,-18.667725805264
2015-06-06,-78.8853224961227,-14.4777755762676
2015-06-06,-74.7984378404719,-19.9149436881174
2015-06-07,-74.9590777813911,-17.3248227502772
2015-06-07,-81.0186306919006,-9.47747911425143
2015-06-07,-75.6934989349903,-18.3885341195874
2015-06-07,-74.2024440445669,-19.0975291973606
2015-06-08,-74.3770585646634,-16.9056629610682
2015-06-08,-79.4621039166677,-12.9564742966797
2015-06-08,-74.8311559701898,-19.4484781186076
2015-06-09,-76.4359320258598,-18.0752030642646
2015-06-10,-77.2815165036763,-17.7852120332326
2015-06-10,-76.521515025971,-17.9231127562445
2015-06-10,-81.4583500880499,-8.96737374668139
2015-06-10,-78.6645929660883,-18.6435583434609
2015-06-10,-81.0324693136409,-9.06879346284908
2015-06-11,-76.2809984417318,-16.8052022956664
2015-06-12,-77.7580061252006,-15.5064198729612
2015-06-12,-75.9629413440898,-18.7411773018667
2015-06-12,-76.2284305038352,-17.9780706965401
2015-06-13,-81.4764452010129,-14.0971593855398
2015-06-13,-74.8250883303254,-18.8465040020151
2015-06-15,-76.2918130804476,-18.7633878236734
2015-06-15,-74.8569846672871,-17.9167322837515
2015-06-15,-79.9395251702973,-9.84046314507199
2015-06-16,-74.1836937722102,-16.6309868210588
2015-06-16,-82.1708943232954,-8.81155686582748
2015-06-16,-75.8064948827659,-18.5313551149059
2015-06-16,-75.9386750198907,-19.0394519613189
2015-06-16,-75.3762212775357,-16.1123536125125
2015-06-17,-81.5270337280504,-8.92189353633596
2015-06-18,-82.7546678880466,-10.3419282737823
2015-06-18,-80.0888720428664,-15.3745555283256
2015-06-19,-82.6370229207633,-6.23596338564698
2015-06-19,-77.8467101735144,-15.303813755904
2015-06-20,-78.7222035403462,-13.674653025867
2015-06-20,-80.45263660984,-11.8450789936097
2015-06-20,-79.5260153786341,-15.2394511078375
2015-06-21,-76.54849870152,-18.4206871493156
2015-06-21,-77.0618887946645,-19.2923661237472
2015-06-21,-80.1183573963936,-11.160264681024
2015-06-21,-72.9696644625711,-19.4765204402595
2015-06-21,-73.8345083313664,-18.4102787971386
2015-06-21,-79.1321968514621,-14.6753687421592
2015-06-22,-74.1100370299144,-18.9197770275281
2015-06-23,-75.4479905050654,-16.4706123638901
2015-06-23,-84.8323226271329,-5.61519689225875
2015-06-23,-76.3543578035923,-17.931407580935
2015-06-23,-82.3233658861242,-10.3089915749762
2015-06-24,-80.2950171052147,-10.3235993452162
2015-06-24,-82.8630145471206,-8.15732153054416
2015-06-24,-79.7450907439326,-12.4041678012774
2015-06-25,-82.748130735989,-9.53626067351704
2015-06-25,-74.3102529042272,-19.899407781237
2015-06-25,-74.5495106696257,-16.4521775081003
2015-06-25,-74.416690437662,-18.5713256628144
2015-06-25,-80.7843803473199,-10.0653098831019
2015-06-26,-82.2893926193645,-14.0586755128675
2015-06-26,-76.8330139965348,-19.2727656192246
2015-06-26,-82.28120110282,-10.2257428265014
2015-06-26,-79.7584135615719,-8.5419580708995
2015-06-27,-84.9560216929119,-9.07676668208262
2015-06-27,-79.5241040275998,-13.4449174366557
2015-06-27,-79.5749991714262,-10.5427044628948
2015-06-27,-72.2768914023608,-17.5282038873215
2015-06-28,-76.1069101846885,-18.6180176357007
2015-06-28,-75.0420290693347,-18.1068070290577
2015-06-28,-78.2515180490235,-15.8351217895355
2015-06-29,-81.2353123534653,-6.21758204359032
2015-06-29,-73.432686666313,-19.405638891934
2015-06-29,-82.3792702428927,-8.00981539498566
2015-06-29,-82.3400911595518,-6.86523097795885
2015-06-30,-80.2939368572882,-12.5346026492511
2015-06-30,-82.0899657655449,-9.56567956933373
2015-06-30,-74.2117234431681,-17.8955241674206
